Brand,Family,"EDP / EDT / Set, etc.","Size, oz.",Retailer,Rating (5/5),# of reviews,"Review (after 06/19/2017, fragrances and gift sets only + DK deo)",Y/N (Reccom),Date,ExpectedTitle,Link
Aramis,900 Herbal,EDC Spray ,3.4,Bloomingdales,-,0,-,N/A,7/9/2017,900 Herbal,https://www.bloomingdales.com/shop/product/aramis-900-herbal-eau-de-cologne-spray?ID=448034
Aramis,Black,EDT,3.7,Bloomingdales,-,0,-,N/A,7/9/2017,Black,https://www.bloomingdales.com/shop/product/aramis-black-eau-de-toilette?ID=1475369&CategoryID=2921#fn=spp%3D9
Aramis,Connoisseur,Set,,Bloomingdales,-,0,-,N/A,7/9/2017,Connoisseur,https://www.bloomingdales.com/shop/product/aramis-connoisseur-set?ID=105215&CategoryID=2921#fn=spp%3D16
Aramis,Devin Country,EDC Spray,3.4,Bloomingdales,-,0,-,N/A,7/9/2017,Devin Country,https://www.bloomingdales.com/shop/product/aramis-devin-country-eau-de-cologne-spray?ID=448037
Aramis,Signature,EDT,2,Macy's,5,2,Great smell This is very nice cologne for men. Has a great scent,Y,7/6/2017,Signature,https://www.macys.com/shop/product/aramis-eau-de-toilette-2.0-oz.?ID=510425
Aramis,Signature,EDT Natural Spray,1.7,Bloomingdales,-,0,-,N/A,7/9/2017,Signature,https://www.bloomingdales.com/shop/product/aramis-1.7-oz.-cologne-spray?ID=577382
Aramis,Signature,Cologne Spray,1.7,Bloomingdales,-,0,-,N/A,7/9/2017,Signature,https://www.bloomingdales.com/shop/product/aramis-cologne-eau-de-toilette-natural-spray-1.7-oz.?ID=450210
Aramis,Signature,EDT,3.7,Macy's,5,8,prior to 06/19/2017,-,7/9/2017,Signature,https://www.macys.com/shop/product/aramis-eau-de-toilette-spray-3.7-oz.?ID=510432
Aramis,Emissary,Gift Set,2-Pc.,Macy's,5,12,Best Gift ever. I gave this to a male friend of mine for Father's Day and he was super surprised. He loved it and it came with a bonus of toiletry carrier. Good deal.,Y,6/19/2017,Emissary,https://www.macys.com/shop/product/aramis-emissary-2-pc.-gift-set?ID=363438
Aramis,Signature,Cologne Spray,3.4,Bloomingdales,-,0,-,N/A,7/9/2017,Signature,https://www.bloomingdales.com/shop/product/aramis-3.4-oz.-cologne-spray?ID=577383
Aramis,Signature,Cologne Spray,3.4,Bloomingdales,5,1,prior to 06/19/2017,N/A,7/9/2017,Signature,https://www.bloomingdales.com/shop/product/aramis-cologne-eau-de-toilette-natural-spray-3.4-oz.?ID=71423
Aramis,Signature,Cologne,8,Bloomingdales,5,1,prior to 06/19/2017,N/A,7/9/2017,Signature,https://www.bloomingdales.com/shop/product/aramis-cologne-eau-de-toilette-natural-spray-8-oz.?ID=71422
Aramis,Havana,EDT Spray,3.4,Bloomingdales,-,0,-,N/A,7/9/2017,Havana,https://www.bloomingdales.com/shop/product/aramis-havana-eau-de-toilette-spray?ID=448038&CategoryID=2921#fn=spp%3D5
Aramis,Tuscany,EDT,,Bloomingdales,-,0,-,N/A,7/9/2017,Tuscany,https://www.bloomingdales.com/shop/product/aramis-tuscany-per-uomo-eau-de-toilette-3.4-oz?ID=448033
Aramis,For Him,EDT,8.1,Macy's,4.5,17,prior to 06/19/2017,-,7/9/2017,For Him,https://www.macys.com/shop/product/aramis-eau-de-toilette-for-him-8.1-oz.?ID=225
Aramis,Connoisseur,Gift Set,2-Pc.,Macy's,4.5,4,prior to 06/19/2017,-,7/9/2017,Connoisseur,https://www.macys.com/shop/product/aramis-connoisseur-2-pc.-gift-set?ID=510426
Aramis,Voyager,EDT,3.7,Macy's,-,0,-,N/A,7/9/2017,Voyager,https://www.macys.com/shop/product/aramis-voyager-eau-de-toilette-3.7-oz?ID=2867458
Aramis,Signature,EDT Spray,2,Ulta,4.9,18,prior to 06/19/2017,Y,7/9/2017,Signature,http://www.ulta.com/aramis-eau-de-toilette-spray?productId=xlsImpprod640818
Aramis,Black,EDT,2,Ulta,4.5,2,prior to 06/19/2017,Y,7/9/2017,Black,http://www.ulta.com/black-eau-de-toilette?productId=xlsImpprod12991001
Aramis,Tuscany Per Uomo,EDT,3.4,Macy's,5,2,prior to 06/19/2017,-,7/9/2017,Tuscany Per Uomo,https://www.macys.com/shop/product/aramis-tuscany-per-uomo-eau-de-toilette-spray-3.4-oz.?ID=430472
Aramis,JHL Custom Blended ,Cologne Spray,3.4,Bloomingdales,5,2,prior to 06/19/2017,N/A,7/9/2017,JHL Custom Blended ,https://www.bloomingdales.com/shop/product/aramis-jhl-custom-blended-cologne-spray?ID=448035
Aramis,Classic (Signature),EDT,3.7,Nordstrom,5,4,prior to 06/19/2017,N/A,7/9/2017,Classic (Signature),http://shop.nordstrom.com/s/aramis-classic-eau-de-toilette/3063612?origin=keywordsearch-personalizedsort&fashioncolor=BLACK%2FSOLID%20GREY%2FWHITE
Aramis,Classic (Signature),EDT,2,Nordstrom,5,4,prior to 06/19/2017,N/A,7/9/2017,Classic (Signature),http://shop.nordstrom.com/s/aramis-classic-eau-de-toilette/3063612?origin=keywordsearch-personalizedsort&fashioncolor=BLACK%2FSOLID%20GREY%2FWHITE
Aramis,JHL Custom Blended ,Cologne,3.4,Nordstrom,5,15,prior to 06/19/2017,N/A,7/9/2017,JHL Custom Blended ,http://shop.nordstrom.com/s/aramis-jhl-custom-blended-cologne/3063619?origin=keywordsearch-personalizedsort&fashioncolor=BLACK%2FSOLID%20GREY%2FWHITE
Aramis,Black,EDT,3.7,Nordstrom,3,1,prior to 06/19/2017,N/A,7/9/2017,Black,http://shop.nordstrom.com/s/aramis-black-eau-de-toilette/4134510?origin=keywordsearch-personalizedsort
Aramis,Black,EDT,2,Nordstrom,3,1,prior to 06/19/2017,N/A,7/9/2017,Black,http://shop.nordstrom.com/s/aramis-black-eau-de-toilette/4134510?origin=keywordsearch-personalizedsort
Aramis,Devin Country,EDC,3.4,Nordstrom,4.5,5,prior to 06/19/2017,N/A,7/9/2017,Devin Country,http://shop.nordstrom.com/s/aramis-devin-country-eau-de-cologne/3063621?origin=keywordsearch-personalizedsort
Aramis,Tuscany Per Uomo,EDT Spray,3.4,Nordstrom,5,11,prior to 06/19/2017,N/A,7/9/2017,Tuscany Per Uomo,http://shop.nordstrom.com/s/aramis-tuscany-per-uomo-eau-de-toilette-spray/3063617?origin=keywordsearch-personalizedsort
Aramis,900 Herbal,EDC,3.4,Nordstrom,5,4,prior to 06/19/2017,N/A,7/9/2017,900 Herbal,http://shop.nordstrom.com/s/aramis-900-herbal-eau-de-cologne/3063618?origin=keywordsearch-personalizedsort
Aramis,Havana,EDT Spray,3.4,Nordstrom,4,7,prior to 06/19/2017,N/A,7/9/2017,Havana,http://shop.nordstrom.com/s/aramis-havana-eau-de-toilette-spray/3063622?origin=keywordsearch-personalizedsort
DKNY,Be Delicious Be Tempted,EDP,1.7,Ulta,5,16,Great buy. Glad I purchased,Y,6/29/2017,Be Tempted,http://www.ulta.com/be-tempted-eau-de-parfum?productId=xlsImpprod14501024
DKNY,Be Delicious Be Tempted,EDP,1.7,Ulta,5,15,Love it! It's my favorite fragrance!,Y,6/28/2017,Be Tempted,http://www.ulta.com/be-tempted-eau-de-parfum?productId=xlsImpprod14501024
DKNY,Be Delicious Be Tempted,EDP,1.7,Ulta,5,14,I would buy this product again without hesitation. Got this with one of my online shipments as a sampler. I then went on to buy the rollerball. Now for my birthday one of the engineers on my ship gave me a card with money in it and I went and purchased the bottle. Love this!!!!,Y,6/21/2017,Be Tempted,http://www.ulta.com/be-tempted-eau-de-parfum?productId=xlsImpprod14501024
DKNY,Be Delicious Be Tempted,EDP,3.4,Macy's,5,1,Great fragrance. Beautiful fragranc! Love they way it smells on me and it's not over powering.,Y,6/30/2017,Be Delicious Be Tempted,https://www.macys.com/shop/product/dkny-be-delicious-be-tempted-eau-de-parfum-3.4-oz?ID=2894962
DKNY,Be Delicious Crystallized,EDP Spray,1.7,Macy's,5,10,"

THIS ONE IS A REAL WINNER I love the DKNY fragrances, but had not tried this one. With the positive reviews and discounted price, I took a chance. Came the other day, and with one spray I knew I loved this particular fragrance. OMG, now I have three of her fragrances to love!!! Thanks so much DKNY. ",Y,7/9/2017,Be Delicious Crystallized,https://www.macys.com/shop/product/dkny-be-delicious-crystallized-eau-de-parfum-spray-1.7-oz?ID=4414662
DKNY,Be Delicious Crystallized,EDP Spray,1.7,Macy's,5,9,"Yaaas All of DKNY are great, as everyone knows! This one is light and sugary and green apply, terrific for summer!",Y,7/7/2017,Be Delicious Crystallized,https://www.macys.com/shop/product/dkny-be-delicious-crystallized-eau-de-parfum-spray-1.7-oz?ID=4414662
DKNY,Be Delicious Crystallized,EDP Spray,1.7,Macy's,5,8,"the best! his is my go out, perfect for all seasons. love love",Y,7/5/2017,Be Delicious Crystallized,https://www.macys.com/shop/product/dkny-be-delicious-crystallized-eau-de-parfum-spray-1.7-oz?ID=4414662
DKNY,Be Delicious Crystallized,EDP Spray,1.7,Macy's,2,7,"Meh, Nothing Special",N/A,7/1/2017,Be Delicious Crystallized,https://www.macys.com/shop/product/dkny-be-delicious-crystallized-eau-de-parfum-spray-1.7-oz?ID=4414662
DKNY,Be Delicious Crystallized,EDP Spray,1.7,Macy's,5,6,"Great summer scent This reminds me of my happy days and teen years. This perfume is beautiful, young but mire sophisticated than other apple scents. This is going to be my daytime summer fragrance. I am amazed how long this lasted! It is fresh and I feel and smell so clean when I have this on!",Y,6/22/2017,Be Delicious Crystallized,https://www.macys.com/shop/product/dkny-be-delicious-crystallized-eau-de-parfum-spray-1.7-oz?ID=4414662
DKNY,Be Delicious Crystallized,EDP Spray,1.7,Macy's,5,5,"Still love my Be Delicious This is my go to DKNY perfume, its delicate and feminine. It doesnt mess with my allergies and my husband loves it. It'sstaying power is great.",Y,6/21/2017,Be Delicious Crystallized,https://www.macys.com/shop/product/dkny-be-delicious-crystallized-eau-de-parfum-spray-1.7-oz?ID=4414662
DKNY,Be Delicious,EDP Spray,3.4,Bloomingdales,5,1,prior to 06/19/2017,N/A,7/9/2017,Be Delicious,https://www.bloomingdales.com/shop/product/dkny-be-delicious-eau-de-parfum-spray-3.4-oz.?ID=450654
DKNY,Be Delicious,EDP Spray,1.7,Macy's,5,46,prior to 06/19/2017,-,7/9/2017,Be Delicious,https://www.macys.com/shop/product/dkny-be-delicious-eau-de-parfum-spray-1.7-oz.?ID=141023
DKNY,Be Delicious,EDP Spray,3.4,Ulta,5,366,Very nice perfume. My husband bought this for me and I absolutely love the way it smells and so does he!,Y,7/5/2017,Be Delicious,http://www.ulta.com/be-delicious-eau-de-parfum-spray?productId=VP00253
DKNY,Be Delicious,EDP Spray,3.4,Ulta,5,365,The only perfume I purchase. A couple sprays on my stomach & rubbing on my wrists and I don't smell it but I get compliments all day.,Y,7/3/2017,Be Delicious,http://www.ulta.com/be-delicious-eau-de-parfum-spray?productId=VP00253
DKNY,Be Delicious,EDP Spray,3.4,Ulta,5,364,Love it! Fresh. Love to use it daily,Y,6/28/2017,Be Delicious,http://www.ulta.com/be-delicious-eau-de-parfum-spray?productId=VP00253
DKNY,Be Delicious,EDP Spray,3.4,Macy's,5,82,prior to 06/19/2017,-,7/9/2017,Be Delicious,https://www.macys.com/shop/product/dkny-be-delicious-eau-de-parfum-spray-3.4-oz?ID=141030
DKNY,Be Delicious,EDP Rollerball,0.34,Macy's,5,16,prior to 06/19/2017,-,7/9/2017,Be Delicious,https://www.macys.com/shop/product/dkny-be-delicious-eau-de-parfum-rollerball?ID=1561080
DKNY,MYNY,EDP Spray,1,Macy's,5,6,Yum. This is wonderful smelling and the packaging is pretty enough to make you happy!,Y,7/7/2017,MYNY,https://www.macys.com/shop/product/dkny-myny-eau-de-parfum-spray-1-oz?ID=4507715
DKNY,MYNY,EDP Spray,1,Macy's,4,5,"Scrumptious scent. This fragrance smells, quite simply, delicious. Very nice.",Y,4/4/2017,MYNY,https://www.macys.com/shop/product/dkny-myny-eau-de-parfum-spray-1-oz?ID=4507715
DKNY,MYNY,EDP Spray,1,Macy's,1,4,"Don't like this one at all. I LOVE DKNY so I thought I would give this a try. It's not for me, its too woodsy not very feminine like my favorite-Be Delicious. I will be sending this one back.",N/A,6/21/2017,MYNY,https://www.macys.com/shop/product/dkny-myny-eau-de-parfum-spray-1-oz?ID=4507715
DKNY,MYNY,EDP Spray,1,Macy's,5,3,"Love DK. I love DK products, this fragrance is a light wonderful scent that I have enjoyed wearing. I will purchase this again.",Y,6/7/2017,MYNY,https://www.macys.com/shop/product/dkny-myny-eau-de-parfum-spray-1-oz?ID=4507715
DKNY,MYNY,EDP Spray,1,Macy's,5,2,"Exellent. I really recommend this product, I love the smell, long lasting",Y,5/21/2017,MYNY,https://www.macys.com/shop/product/dkny-myny-eau-de-parfum-spray-1-oz?ID=4507715
DKNY,Nectar Love,EDP,3.4,Ulta,5,2,Sexy and flirty This scent can be described as having 'sexy honey' scent. Not sweet and flowery but very alluring. My new favorite,Y,7/4/2017,Nectar Love,http://www.ulta.com/nectar-love-eau-de-parfum?productId=xlsImpprod16311029
DKNY,Nectar Love,EDP,3.4,Ulta,5,1,"Love it! It's amazing, but not overpowering!",Y,7/3/2017,Nectar Love,http://www.ulta.com/nectar-love-eau-de-parfum?productId=xlsImpprod16311029
DKNY,Nectar Love,EDP Rollerball,0.34,Ulta,2,7,I bought this for the convenience but it's not convenient if it doesn't last.,N,7/10/2017,Nectar Love,http://www.ulta.com/nectar-love-eau-de-parfum-rollerball?productId=xlsImpprod16311031
DKNY,Nectar Love,EDP Rollerball,0.34,Ulta,5,6,"Love this travel sized enticing fragrance. Using my coconut body wash and body butter I still needed something to lift the one note of that fragrance on my skin and this is it. I always find one fragrance that means summer to me but buy it in a smaller size - and travel tubes are perfect - to see if it will be my ""smell of the summer"". DKNY is that and more. It's the fragrance you smell with wood notes that so complements my coconut base that it makes a new fragrance that has people in elevators asking me what I am wearing - in a good way - not that girl who sprayed who knows what and everyone is getting out on the next floor.... Dewy, woody, but with a floral lightness makes this my summertime jam.",Y,7/5/2017,Nectar Love,http://www.ulta.com/nectar-love-eau-de-parfum-rollerball?productId=xlsImpprod16311031
DKNY,Nectar Love,EDP Rollerball,0.34,Ulta,4,5,Smells amazing! I love the smell of this perfume! I wear it all the time!,Y,7/3/2017,Nectar Love,http://www.ulta.com/nectar-love-eau-de-parfum-rollerball?productId=xlsImpprod16311031
DKNY,Nectar Love,EDP Rollerball,0.34,Ulta,5,4,"Great product!!! Use this product day or night.
",Y,7/1/2017,Nectar Love,http://www.ulta.com/nectar-love-eau-de-parfum-rollerball?productId=xlsImpprod16311031
DKNY,Nectar Love,EDP Rollerball,0.34,Ulta,4,3,"Very nice! I was surprised how light and fresh this scent is. Usually DKNY fragrances are a little heavier but this one is nice and light, not too flowery. I just so wish these rollerball fragrances lasted a little longer. But I'll still buy them, much easier to have in my purse.",Y,6/30/2017,Nectar Love,http://www.ulta.com/nectar-love-eau-de-parfum-rollerball?productId=xlsImpprod16311031
DKNY,Be Delicious,Rollerball,0.34,Ulta,5,58,Fresh sweet fragrance. Love the roller ball application and am crazy about this scent.,Y,6/21/2017,Be Delicious,http://www.ulta.com/be-delicious-rollerball?productId=xlsImpprod10651070
DKNY,Be Desired,EDP,1.7,Sephora,3.5,6,prior to 06/19/2017,-,7/9/2017,Be Desired,http://www.sephora.com/be-desired-P400939?skuId=1747195&icid2=dkny_editorspicks_us_carousel%20:p400939
DKNY,Be Desired,EDP,3.4,Sephora,3.5,6,prior to 06/19/2017,-,7/9/2017,Be Desired,http://www.sephora.com/be-desired-P400939?skuId=1747195&icid2=dkny_editorspicks_us_carousel%20:p400939
DKNY,Be Delicious,EDP,1.7,Sephora,4.5,894,prior to 06/19/2017,-,7/9/2017,Be Delicious,http://www.sephora.com/be-delicious-P79615?skuId=795294&icid2=dkny_editorspicks_us_carousel%20%3Ap79615
DKNY,Be Delicious,EDP,1,Sephora,4.5,894,prior to 06/19/2017,-,7/9/2017,Be Delicious,http://www.sephora.com/be-delicious-P79615?skuId=795294&icid2=dkny_editorspicks_us_carousel%20%3Ap79615
DKNY,Be Delicious,EDP,3.4,Sephora,4.5,894,prior to 06/19/2017,-,7/9/2017,Be Delicious,http://www.sephora.com/be-delicious-P79615?skuId=795294&icid2=dkny_editorspicks_us_carousel%20%3Ap79615
DKNY,Be Delicious,EDP Rollerball,0.34,Sephora,5,23,prior to 06/19/2017,-,7/9/2017,Be Delicious,http://www.sephora.com/dkny-be-delicious-rollerball-P387624?skuId=1638121&icid2=dkny_editorspicks_us_carousel%20:p387624
DKNY,Be Delicious,EDP Spray,1.7,Bloomingdales,5,2,prior to 06/19/2017,N/A,7/9/2017,Be Delicious,https://www.bloomingdales.com/shop/product/dkny-be-delicious-eau-de-parfum-spray-1.7-oz.?ID=40804
DKNY,Be Delicious,EDP Spray,1.7,Bloomingdales,5,6,prior to 06/19/2017,N/A,7/9/2017,Be Delicious,https://www.bloomingdales.com/shop/product/donna-karan-cashmere-mist-eau-de-parfum-spray-1.7-oz.?ID=450673
DKNY,Be Delicious,EDP Spray,3.4,Bloomingdales,5,6,prior to 06/19/2017,N/A,7/9/2017,Be Delicious,https://www.bloomingdales.com/shop/product/donna-karan-cashmere-mist-eau-de-parfum-spray-3.4-oz.?ID=90520
DKNY,Be Delicious,EDP Spray,6.7,Bloomingdales,5,6,prior to 06/19/2017,N/A,7/9/2017,Be Delicious,https://www.bloomingdales.com/shop/product/donna-karan-cashmere-mist-eau-de-parfum-6.7-oz.?ID=1063566
Donna Karan,Cashmere Mist,Gift Set,3-Pc.,Macy's,4,13,good perfume. Good perfume smells good is soft and not like others that annoy the smell jijijiji,Y,6/30/2017,Cashmere Mist,https://www.macys.com/shop/product/donna-karan-3-pc.-cashmere-mist-gift-set?ID=4432325
Donna Karan,Cashmere Mist,Luxuries Set,4-Pc.,Macy's,-,0,-,N/A,7/9/2017,Cashmere Mist,https://www.macys.com/shop/product/donna-karan-4-pc.-cashmere-mist-luxuries-set?ID=4749527
Donna Karan,Cashmere Aura,EDP Rollerball,0.34,Ulta,4,2,Fabulous Scent. Convenient and easy to transport.,Y,6/30/2017,Cashmere Aura,http://www.ulta.com/cashmere-aura-eau-de-parfum-rollerball?productId=xlsImpprod14391043
Donna Karan,Cashmere Mist,Gift Set,4-Pc.,Macy's,4,5,prior to 06/19/2017,-,7/9/2017,Cashmere Mist,https://www.macys.com/shop/product/donna-karan-4-pc.-cashmere-mist-gift-set?ID=4405020
Donna Karan,Cashmere Aura,EDP,3.4,Macy's,5,10,"Best produce ever. Great produce, I will buy again in the future!!!!!!!!!!!!!!!!!!!!!!!!!!!!!!!!!!!!!!!!!!!!!",N/A,7/7/2017,Cashmere Aura,https://www.macys.com/shop/product/donna-karan-cashmere-aura-eau-de-parfum-3.4-oz?ID=2839317
Donna Karan,Cashmere Aura,EDP,3.4,Macy's,5,9,Mesmerizingly heavenly. I have always been intrigued by Donna Karan since a young 20 year old. As I was going through fragrances I like to see new fragrances. A sales lady walked up to spray on some perfume SHE recommended. I sprayed on Donna Karan Cashmere Aura. I didn'the like it. As I approached Juniors there was a wonderful fragrance in the air near me. As I said something smells so good. I smelled my arm my heavenly scent. Light and capturing. I made a uturn went back to counter and purchased a travelers bottle. As I love it now. I went back to purchase a 3.4 only to find all stores had sent it back. I just ordered an available gift box from Macy's. This is my coping mega ism. So happy....,Y,6/24/2017,Cashmere Aura,https://www.macys.com/shop/product/donna-karan-cashmere-aura-eau-de-parfum-3.4-oz?ID=2839317
Donna Karan,Cashmere Aura,EDP Rollerball,0.34,Macy's,5,3,-,-,7/9/2017,Cashmere Aura,https://www.macys.com/shop/product/donna-karan-cashmere-aura-eau-de-parfum-rollerball-0.34-oz?ID=2839956
Donna Karan,Cashmere Aura,Spring Gift Set,,Macy's,-,0,-,N/A,7/9/2017,Cashmere Aura,https://www.macys.com/shop/product/donna-karan-cashmere-aura-spring-gift-set?ID=4507590
Donna Karan,Cashmere Mist,Deodorant,1.7,Macy's,5,202,"It's smell so good my husband love the smell, it's. It's smell so good my husband love the smell, it's last long I loved it I recommend this product.",Y,7/7/2017,Cashmere Mist,https://www.macys.com/shop/product/donna-karan-cashmere-mist-deodorant-1.7-oz?ID=92782
Donna Karan,Cashmere Mist,Deodorant,1.7,Macy's,5,201,Great deoderant. Love the subtle smell. I don't mind spending more for this have-to-have.,Y,6/30/2017,Cashmere Mist,https://www.macys.com/shop/product/donna-karan-cashmere-mist-deodorant-1.7-oz?ID=92782
Donna Karan,Cashmere Mist,Deodorant,1.7,Sephora,5,422,LOVE this deodorant. have searched for years and have never found one so great,N/A,7/5/2017,Cashmere Mist,http://www.sephora.com/cashmere-mist-deodorant-P380541?skuId=592527&icid2=products%20grid:p380541
Donna Karan,Cashmere Mist,Deodorant,1.7,Sephora,4,421,"love this stuff- the only deodorant I wear. Although it's pricey for a deodorant, I love the smell and it keeps my armpits dry. Make sure not to apply too heavy handed because it does go on white and can easily get on dark clothes. But the great perfume smell is worth it, as it lasts all day.",N/A,7/3/2017,Cashmere Mist,http://www.sephora.com/cashmere-mist-deodorant-P380541?skuId=592527&icid2=products%20grid:p380541
Donna Karan,Cashmere Mist,Deodorant,1.7,Sephora,5,420,"Pricey, but works perfectly. I have an issue with body odor - not even with perspiration itself, but that if wrong deodorant or no deodorant is chosen, my clothes will start smelling pretty soon, even if there is no visible perspiration marks. I bought this one accidentally and I am very happy, as the smell is weaker than some natural deodorants, it applies very softly and while pricey, works perfectly and lasts quite a while.",N/A,6/28/2017,Cashmere Mist,http://www.sephora.com/cashmere-mist-deodorant-P380541?skuId=592527&icid2=products%20grid:p380541
Donna Karan,Cashmere Aura,EDP,1.7,Ulta,5,2,prior to 06/19/2017,Y,7/9/2017,Cashmere Aura,http://www.ulta.com/cashmere-aura-eau-de-parfum?productId=xlsImpprod14391041
Donna Karan,Cashmere Mist,Deodorant,1.7,Ulta,5,251,"
Expensive but worth it! It's the only thing I've found where I can be in surgery (work) and not pit out.",Y,7/9/2017,Cashmere Mist,http://www.ulta.com/cashmere-mist-deodorant?productId=fs748724
Donna Karan,Cashmere Mist,Deodorant,1.7,Ulta,5,250,"Love love love. This is the best, I've tried so many and this is my go to! If you have probable with sweating or just the smell of the deodorant not staying this is the one! Life changing.",Y,6/27/2017,Cashmere Mist,http://www.ulta.com/cashmere-mist-deodorant?productId=fs748724
Donna Karan,Cashmere Mist,Deodorant,1.7,Ulta,5,249,"I will over ever use this deodorant. Love love love. This last FOREVER. Ive always disliked using drug store deodorants. I wanted to use a higher end deodorant and this one is perfect. My last deodorant would break and sometimes sweat would drip down my arms (i know, yuck!) i dont have that problem with this.",Y,6/22/2017,Cashmere Mist,http://www.ulta.com/cashmere-mist-deodorant?productId=fs748724
Donna Karan,Cashmere Mist,Deodorant,1.7,Ulta,5,248,"The best. I have been using Cashmere deodorant for the last couple of years. I love everything about it. It goes on easy, last a long time, And smells great.
It helps that Cashmere Mist is my favorite fragrance.
It is pricey but a lot goes a long way with this deodorant.",Y,6/21/2017,Cashmere Mist,http://www.ulta.com/cashmere-mist-deodorant?productId=fs748724
Donna Karan,Cashmere Mist,Deodorant,1.7,Nordstrom,2,428,"not working very well. I saw this with many good reviews so I gave it a try. However, it does not work that well. It has nice smell from the beginning but quickly turns bad (especially in hot weather). It does not keep you dry. It is not recommended if you are going to where black outfits.",N/A,7/8/2017,Cashmere Mist,http://shop.nordstrom.com/s/donna-karan-cashmere-mist-deodorant-antiperspirant/2792883?origin=keywordsearch-personalizedsort
Donna Karan,Cashmere Mist,Deodorant,1.7,Nordstrom,5,427,"So Glad I Tried
I agree with all of the other 5 star reviews if you have tried it, you will not change.",N/A,7/6/2017,Cashmere Mist,http://shop.nordstrom.com/s/donna-karan-cashmere-mist-deodorant-antiperspirant/2792883?origin=keywordsearch-personalizedsort
Donna Karan,Cashmere Mist,Deodorant,1.7,Nordstrom,5,426,"Velvety good! I love, love, this deodorant by D.K. It's velvety soft against your skin. It has a soft scent. It even lightened my skin some. No more embarrassing darkened skin for me and no more yellow stains on clothing! Like what those other drug store kind do. Thank you D.K.!",N/A,7/3/2017,Cashmere Mist,http://shop.nordstrom.com/s/donna-karan-cashmere-mist-deodorant-antiperspirant/2792883?origin=keywordsearch-personalizedsort
Donna Karan,Cashmere Mist,Deodorant,1.7,Nordstrom,5,425,"Pure Gold!
Bought this on the recommendation of a friend and couldn't be more pleased with the results. This holds up after strenuous gym workouts and stays with me during my long days at work- I still feel and smell fresh!",N/A,7/1/2017,Cashmere Mist,http://shop.nordstrom.com/s/donna-karan-cashmere-mist-deodorant-antiperspirant/2792883?origin=keywordsearch-personalizedsort
Donna Karan,Cashmere Mist,Deodorant,1.7,Nordstrom,5,424,"The BEST Deodorant Ever!
OMG, I love this deodorant which has been my go-to for 3 years now! I refuse to go back to a drug-store brand. A little goes a long way; in fact, one bottle usually lasts me 8+ months",N/A,6/29/2017,Cashmere Mist,http://shop.nordstrom.com/s/donna-karan-cashmere-mist-deodorant-antiperspirant/2792883?origin=keywordsearch-personalizedsort
Donna Karan,Cashmere Mist,Deodorant,1.7,Nordstrom,5,423,"BEST
Best on the market ! Nordstrom is the best place to shop.",N/A,6/25/2017,Cashmere Mist,http://shop.nordstrom.com/s/donna-karan-cashmere-mist-deodorant-antiperspirant/2792883?origin=keywordsearch-personalizedsort
Donna Karan,Cashmere Mist,EDP,1.7,Sephora,5,215,"Men Love This One Ladies! Feminine, soft, powdery, light. I get compliments almost every time I wear this one, especially from men. Every woman should own a bottle of this classic!",N/A,7/9/2017,Cashmere Mist,http://www.sephora.com/cashmere-mist-eau-de-parfum-P41391?skuId=860940&icid2=products%20grid:p41391
Donna Karan,Cashmere Mist,EDP Spray,3.4,Ulta,5,245,My favorite. This has been my go to fragrance for many years,Y,6/27/2017,Cashmere Mist,http://www.ulta.com/cashmere-mist-eau-de-parfum-spray?productId=xlsImpprod640940
Donna Karan,Cashmere Mist,EDP Spray,6.7,Macy's,5,28,"love it. 
just loving it and the price was great for me. Thanks",Y,7/2/2017,Cashmere Mist,https://www.macys.com/shop/product/donna-karan-cashmere-mist-eau-de-parfum-spray-6.7-oz?ID=1484032
Donna Karan,Cashmere Mist,EDP Spray,6.7,Macy's,-,0,-,N/A,7/9/2017,Cashmere Mist,https://www.macys.com/shop/product/donna-karan-cashmere-mist-eau-de-parfum-spray-6.7-oz.?ID=4750413
Donna Karan,Cashmere Mist,EDP,1,Sephora,5,215,"Men Love This One Ladies! Feminine, soft, powdery, light. I get compliments almost every time I wear this one, especially from men. Every woman should own a bottle of this classic!",N/A,7/9/2017,Cashmere Mist,http://www.sephora.com/cashmere-mist-eau-de-parfum-P41391?skuId=860940&icid2=products%20grid:p41391
Donna Karan,Cashmere Mist,EDP,3.4,Sephora,5,215,"Men Love This One Ladies! Feminine, soft, powdery, light. I get compliments almost every time I wear this one, especially from men. Every woman should own a bottle of this classic!",N/A,7/9/2017,Cashmere Mist,http://www.sephora.com/cashmere-mist-eau-de-parfum-P41391?skuId=860940&icid2=products%20grid:p41391
Donna Karan,Cashmere Mist,Rollerball,0.27,Sephora,4.5,21,prior to 06/19/2017,N/A,7/9/2017,Cashmere Mist,http://www.sephora.com/cashmere-mist-rollerball-P387605?skuId=1636232&icid2=products%20grid:p387605
Donna Karan,Cashmere Mist,Set,3-Pc.,Sephora,5,1,prior to 06/19/2017,N/A,7/9/2017,Cashmere Mist,http://www.sephora.com/cashmere-mist-everything-cashmere-set-P418126?skuId=1915909&icid2=products%20grid:p418126
Donna Karan,Cashmere Mist,EDT,1.7,Sephora,5,391,"Men Love This One! I've owned 30 different fragrances in my years of perfume collecting, this was one of the very first. Out of all of them, this is the one I get the most compliments on. Especially men! My man, strangers, friends. It's the most feminine, soft, powdery, warm fragrance. A timeless classic! Every woman should own a bottle of Cashmere Mist <3",N/A,7/9/2017,Cashmere Mist,http://www.sephora.com/cashmere-mist-P41378?skuId=83402&icid2=products%20grid:p41378
Donna Karan,Cashmere Mist,EDP Spray,3.4,Macy's,5,55,Wonderful scent. I love this scent - so light and fresh. I've worn it for years and never tire of it.,Y,6/23/2017,Cashmere Mist,https://www.macys.com/shop/product/donna-karan-cashmere-mist-eau-de-toilette-spray-3.4-oz?ID=92775
Donna Karan,Cashmere Mist,EDT Spray,3.4,Ulta,5,229,Only one I buy. I have used this since it came out the best,Y,6/29/2017,Cashmere Mist,http://www.ulta.com/cashmere-mist-eau-de-toilette-spray?productId=fs801659
Donna Karan,Cashmere Mist,EDT Spray,3.4,Ulta,5,228,Smells amazing. Love the fragrance,Y,6/29/2017,Cashmere Mist,http://www.ulta.com/cashmere-mist-eau-de-toilette-spray?productId=fs801659
Donna Karan,Cashmere Mist,EDP Spray,1.7,Macy's,5,32,prior to 06/19/2017,-,7/9/2017,Cashmere Mist,https://www.macys.com/shop/product/donna-karan-cashmere-mist-eau-de-parfum-1.7-oz?ID=174838
Donna Karan,Cashmere Mist,EDT Spray,3.4,Macy's,5,55,prior to 06/19/2017,-,7/9/2017,Cashmere Mist,https://www.macys.com/shop/product/donna-karan-cashmere-mist-eau-de-toilette-spray-3.4-oz?ID=92775
Donna Karan,Cashmere Mist,EDT Spray,1.7,Macy's,5,46,prior to 06/19/2017,-,7/9/2017,Cashmere Mist,https://www.macys.com/shop/product/donna-karan-cashmere-mist-eau-de-toilette-spray-1.7-oz?ID=92774
Donna Karan,Cashmere Mist,Rollerball,0.34,Macy's,5,43,Oh..DK!! Just love this fragrance from DK!! Smells so elegant. It's one of my favorite perfumes. I always receive compliments when I wear it. Love that it's small enough to put into my purse and carry around.,N/A,7/7/2017,Cashmere Mist,https://www.macys.com/shop/product/donna-karan-cashmere-mist-rollerball?ID=1498894
Donna Karan,Cashmere Mist,Rollerball,0.34,Ulta,5,79,"Yes! I love it. I love the rollerball application. Sprays are sometimes difficult to control, this goes exactly where and in the amount you want.",Y,6/29/2017,Cashmere Mist,http://www.ulta.com/cashmere-mist-rollerball?productId=xlsImpprod10651072
Donna Karan,Cashmere Mist,Rollerball,,Ulta,5,78,"My all time favorite. I use it daily as it is my favorite fragrance of all time... it's long lasting, aromatic and refreshing. To some it's expensive but I've been using for over ten years so I would definitely invest in it.",Y,6/22/2017,Cashmere Mist,http://www.ulta.com/cashmere-mist-rollerball?productId=xlsImpprod10651072
Donna Karan,Cashmere Mist,Rollerball,0.3,Bloomingdales,-,0,-,N/A,7/9/2017,Cashmere Mist,https://www.bloomingdales.com/shop/product/donna-karan-cashmere-mist-eau-de-parfum-rollerball?ID=1063577
Donna Karan,Cashmere Mist,Travel Necessities,2-Pc.,Ulta,-,0,-,N/A,7/9/2017,Cashmere Mist,http://www.ulta.com/cashmere-mist-travel-necessities?productId=xlsImpprod16391021
Donna Karan,Cashmere Veil,EDP Spray,3.4,Macy's,-,0,-,N/A,7/9/2017,Cashmere Veil,https://www.macys.com/shop/product/donna-karan-cashmere-veil-eau-de-parfum-spray-3.4-oz.?ID=4748360
Donna Karan,Cashmere Veil,EDP Spray,3.4,Nordstrom,-,0,-,N/A,7/9/2017,Cashmere Veil,http://shop.nordstrom.com/s/donna-karan-cashmere-veil-eau-de-parfum/4647818?origin=keywordsearch-personalizedsort
Donna Karan,Liquid Cashmere Aqua,EDP Spray,3.4,Macy's,5,19,Smells Heavenly. Bought this for a gift but had a hard time parting with it. Waiting for another sale so I can gift that one. ,N/A,7/10/2017,Liquid Cashmere Aqua,https://www.macys.com/shop/product/donna-karan-liquid-cashmere-aqua-eau-de-parfum-spray-3.4-oz?ID=4358398
Donna Karan,Liquid Cashmere Aqua,EDP Spray,3.4,Macy's,4,18,Good price. I got this perfume on a very good deal so bought 5 if these 1 for me and 4 as gifts. The fragrance is OK. It does stay long. I cannot complain for the deal I got.. overall happy with it!,Y,7/7/2017,Liquid Cashmere Aqua,https://www.macys.com/shop/product/donna-karan-liquid-cashmere-aqua-eau-de-parfum-spray-3.4-oz?ID=4358398
Donna Karan,Liquid Cashmere Aqua,EDP Spray,3.4,Macy's,5,17,great purchase. my girlfriend loves the smell of karan aqua marine scent so much she is going into Macys to try other Donna Karan perfume scents.she also love the bag that came with the purchase.,Y,7/7/2017,Liquid Cashmere Aqua,https://www.macys.com/shop/product/donna-karan-liquid-cashmere-aqua-eau-de-parfum-spray-3.4-oz?ID=4358398
Donna Karan,Liquid Cashmere Aqua,EDP Spray,3.4,Macy's,5,16,Great Price. I love the fresh scent of this perfume and the price is worth it.,Y,7/2/2017,Liquid Cashmere Aqua,https://www.macys.com/shop/product/donna-karan-liquid-cashmere-aqua-eau-de-parfum-spray-3.4-oz?ID=4358398
Donna Karan,Liquid Cashmere Aqua,EDP Spray,3.4,Macy's,5,15,Donna Karan parfume spray. I love the fresh smell. A good purchase but. I love all of Donna Karan purgume,Y,6/30/2017,Liquid Cashmere Aqua,https://www.macys.com/shop/product/donna-karan-liquid-cashmere-aqua-eau-de-parfum-spray-3.4-oz?ID=4358398
Donna Karan,Liquid Cashmere Aqua,EDP Spray,3.4,Macy's,5,14,Lovely fragrance. I love this lovely soft summer fragrance. Would definitely be adding to my list of favorites.,Y,6/30/2017,Liquid Cashmere Aqua,https://www.macys.com/shop/product/donna-karan-liquid-cashmere-aqua-eau-de-parfum-spray-3.4-oz?ID=4358398
Donna Karan,Liquid Cashmere Aqua,EDP Spray,3.4,Macy's,5,13,"Love it!! Charming fragrance!!! The combination of blooming florals and rich woods makes it a sensational fragrance. Great for an intimate evening, out with the girls, or to the clubs!!! Great buy!!!",Y,6/30/2017,Liquid Cashmere Aqua,https://www.macys.com/shop/product/donna-karan-liquid-cashmere-aqua-eau-de-parfum-spray-3.4-oz?ID=4358398
Donna Karan,Liquid Cashmere Aqua,EDP Spray,3.4,Macy's,5,12,"Fantastic fragrance. I absolutely love how this fragrance smells on my skin, and it lasts for hours. Macy's has the best deals on fragrance from time to time.",Y,6/30/2017,Liquid Cashmere Aqua,https://www.macys.com/shop/product/donna-karan-liquid-cashmere-aqua-eau-de-parfum-spray-3.4-oz?ID=4358398
Donna Karan,Liquid Cashmere Aqua,EDP Spray,3.4,Macy's,5,11,Love it!! I love this fragrance. It is light and fresh. This is my first time using Aqua. I am very pleased with it.,Y,6/29/2017,Liquid Cashmere Aqua,https://www.macys.com/shop/product/donna-karan-liquid-cashmere-aqua-eau-de-parfum-spray-3.4-oz?ID=4358398
Donna Karan,Liquid Cashmere Aqua,EDP Spray,3.4,Macy's,5,10,"Yummy and light Fragrance. I'm a Donna Karan fan all the way. When I smelled this fragrance, I had to have it in my collection of Donna Karan perfumes. Try it, I'm sure you'll like it!",Y,6/23/2017,Liquid Cashmere Aqua,https://www.macys.com/shop/product/donna-karan-liquid-cashmere-aqua-eau-de-parfum-spray-3.4-oz?ID=4358398
Donna Karan,Cashmere Mist,Duo Set,2-Pc.,Ulta,4.5,2,prior to 06/19/2017,N/A,7/9/2017,Cashmere Mist,http://www.ulta.com/cashmere-mist-duo-set?productId=xlsImpprod16041745
Donna Karan,Liquid Cashmere Black,EDP,3.4,Ulta,5,13,"I'll buy more when I run low. It has a nice, soft smell that is great for any use. Good for work, because it isn't too overbearing on your nose. Its also great for a classy casual night out. If you like Victorias Secret Intense, youll like this and vice versa. Although Intense has a more berry scent, and better for daytime.",Y,6/21/2017,Liquid Cashmere Black,http://www.ulta.com/liquid-cashmere-black-eau-de-parfum?productId=xlsImpprod12971011
Donna Karan,Liquid Cashmere Black,EDP,3.4,Ulta,5,12,Love this perfume! My husband picked me out this perfume for a gift and I have to say he did an amazing job. I receive compliments throughout the day and when I get a hug by my daughter at the end of the day and she tells me how good I smell I know this perfume will have a permanent spot in my collection.,Y,6/18/2017,Liquid Cashmere Black,http://www.ulta.com/liquid-cashmere-black-eau-de-parfum?productId=xlsImpprod12971011
Donna Karan,Liquid Cashmere Blush,EDP,1.7,Ulta,-,0,-,N/A,7/9/2017,Liquid Cashmere Blush,http://www.ulta.com/liquid-cashmere-blush-eau-de-parfum?productId=xlsImpprod14391015
Donna Karan,Liquid Cashmere White,EDP,3.4,Ulta,5,13,Wow! Would have bought it at full price but got 50% off!! Bought the last 2 on the shelf!!,,6/29/2017,Liquid Cashmere White,http://www.ulta.com/liquid-cashmere-white-eau-de-parfum?productId=xlsImpprod12971013
Donna Karan,Cashmere Mist,Deodorant,N/A,Bloomingdales,5,6,prior to 06/19/2017,N/A,7/9/2017,Cashmere Mist,https://www.bloomingdales.com/shop/product/donna-karan-cashmere-mist-deodorant-anti-perspirant?ID=90528
Donna Karan,Cashmere Mist,EDT Spray,3.4,Bloomingdales,4,1,prior to 06/19/2017,N/A,7/9/2017,Cashmere Mist,https://www.bloomingdales.com/shop/product/donna-karan-cashmere-mist-eau-de-toilette-spray-3.4-oz.?ID=472904
Donna Karan,Cashmere Mist,EDT Spray,1.7,Bloomingdales,-,0,prior to 06/19/2017,N/A,7/9/2017,Cashmere Mist,https://www.bloomingdales.com/shop/product/donna-karan-cashmere-mist-eau-de-toilette-spray-1.7-oz.?ID=8173
Donna Karan,Cashmere Mist,EDT,1,Sephora,5,391,"Men Love This One! I've owned 30 different fragrances in my years of perfume collecting, this was one of the very first. Out of all of them, this is the one I get the most compliments on. Especially men! My man, strangers, friends. It's the most feminine, soft, powdery, warm fragrance. A timeless classic! Every woman should own a bottle of Cashmere Mist <3",N/A,7/9/2017,Cashmere Mist,http://www.sephora.com/cashmere-mist-P41378?skuId=83402&icid2=products%20grid:p41378
Donna Karan,Cashmere Mist,EDT,3.4,Sephora,5,391,"Men Love This One! I've owned 30 different fragrances in my years of perfume collecting, this was one of the very first. Out of all of them, this is the one I get the most compliments on. Especially men! My man, strangers, friends. It's the most feminine, soft, powdery, warm fragrance. A timeless classic! Every woman should own a bottle of Cashmere Mist <3",N/A,7/9/2017,Cashmere Mist,http://www.sephora.com/cashmere-mist-P41378?skuId=83402&icid2=products%20grid:p41378
Donna Karan,Cashmere Aura,EDP,1.7,Sephora,4.5,5,prior to 06/19/2017,N/A,7/9/2017,Cashmere Aura,http://www.sephora.com/cashmere-aura-P410238?skuId=1854694&icid2=products%20grid%3Ap410238
Donna Karan,Cashmere Aura,EDP,3.4,Sephora,4.5,5,prior to 06/19/2017,N/A,7/9/2017,Cashmere Aura,http://www.sephora.com/cashmere-aura-P410238?skuId=1854694&icid2=products%20grid%3Ap410238
Donna Karan,Cashmere Aura,Rollerball,0.34,Sephora,4.5,2,prior to 06/19/2017,N/A,7/9/2017,Cashmere Aura,http://www.sephora.com/cashmere-aura-P411324?skuId=1854686&icid2=products%20grid:p411324
Donna Karan,Donna Karan Liquid Cashmere,EDP Spray,1,Sephora,4.5,11,prior to 06/19/2017,N/A,7/9/2017,Donna Karan Liquid Cashmere,http://www.sephora.com/liquid-cashmere-P388645?skuId=1650753&icid2=products%20grid%3Ap388645
Donna Karan,Donna Karan Liquid Cashmere,EDP Spray,1.7,Sephora,4.5,11,prior to 06/19/2017,N/A,7/9/2017,Donna Karan Liquid Cashmere,http://www.sephora.com/liquid-cashmere-P388645?skuId=1650753&icid2=products%20grid%3Ap388645
Donna Karan,Donna Karan Liquid Cashmere,EDP Spray,3.4,Sephora,4.5,11,prior to 06/19/2017,N/A,7/9/2017,Donna Karan Liquid Cashmere,http://www.sephora.com/liquid-cashmere-P388645?skuId=1650753&icid2=products%20grid%3Ap388645
Donna Karan,Donna Karan Liquid Cashmere Black,EDP Spray,1,Sephora,5,12,prior to 06/19/2017,N/A,7/9/2017,Donna Karan Liquid Cashmere Black,http://www.sephora.com/liquid-cashmere-black-P401507?skuId=1759331&icid2=products%20grid%3Ap401507
Donna Karan,Donna Karan Liquid Cashmere Black,EDP Spray,1.7,Sephora,5,12,prior to 06/19/2017,N/A,7/9/2017,Donna Karan Liquid Cashmere Black,http://www.sephora.com/liquid-cashmere-black-P401507?skuId=1759331&icid2=products%20grid%3Ap401507
Donna Karan,Donna Karan Liquid Cashmere Black,EDP Spray,3.4,Sephora,5,12,prior to 06/19/2017,N/A,7/9/2017,Donna Karan Liquid Cashmere Black,http://www.sephora.com/liquid-cashmere-black-P401507?skuId=1759331&icid2=products%20grid%3Ap401507
Donna Karan,Donna Karan Liquid Cashmere Black,Rollerball,0.34,Sephora,5,1,prior to 06/19/2017,N/A,7/9/2017,Donna Karan Liquid Cashmere Black,http://www.sephora.com/liquid-cashmere-black-rollerball-P401509?skuId=1756931&icid2=products%20grid:p401509
Donna Karan,Donna Karan Liquid Cashmere White,EDP Spray,1,Sephora,4,2,prior to 06/19/2017,N/A,7/9/2017,Donna Karan Liquid Cashmere White,http://www.sephora.com/liquid-cashmere-white-P401513?skuId=1759356&icid2=products%20grid%3Ap401513
Donna Karan,Donna Karan Liquid Cashmere White,EDP Spray,1.7,Sephora,4,2,prior to 06/19/2017,N/A,7/9/2017,Donna Karan Liquid Cashmere White,http://www.sephora.com/liquid-cashmere-white-P401513?skuId=1759356&icid2=products%20grid%3Ap401513
Donna Karan,Donna Karan Liquid Cashmere White,EDP Spray,3.4,Sephora,4,2,prior to 06/19/2017,N/A,7/9/2017,Donna Karan Liquid Cashmere White,http://www.sephora.com/liquid-cashmere-white-P401513?skuId=1759356&icid2=products%20grid%3Ap401513
Donna Karan,Donna Karan Liquid Cashmere White,EDP Spray,0.34,Sephora,3,3,prior to 06/19/2017,N/A,7/9/2017,Donna Karan Liquid Cashmere White,http://www.sephora.com/liquid-cashmere-white-rollerball-P401515?skuId=1756923&icid2=products%20grid:p401515
Donna Karan,Cashmere Veil,EDP Spray,1.7,Nordstrom,-,0,-,N/A,7/9/2017,Cashmere Veil,http://shop.nordstrom.com/s/donna-karan-cashmere-veil-eau-de-parfum/4647818?origin=keywordsearch-personalizedsort
Donna Karan,Cashmere Mist ,EDP Spray,1,Nordstrom,5,47,prior to 06/19/2017,N/A,7/9/2017,Cashmere Mist ,http://shop.nordstrom.com/s/donna-karan-cashmere-mist-eau-de-parfum-spray/2851108?origin=category-personalizedsort
Donna Karan,Cashmere Mist ,EDP Spray,1.7,Nordstrom,5,47,prior to 06/19/2017,N/A,7/9/2017,Cashmere Mist ,http://shop.nordstrom.com/s/donna-karan-cashmere-mist-eau-de-parfum-spray/2851108?origin=category-personalizedsort
Donna Karan,Cashmere Mist ,EDP Spray,3.4,Nordstrom,5,47,prior to 06/19/2017,N/A,7/9/2017,Cashmere Mist ,http://shop.nordstrom.com/s/donna-karan-cashmere-mist-eau-de-parfum-spray/2851108?origin=category-personalizedsort
Donna Karan,Cashmere Mist ,EDP Rollerball,0.34,Nordstrom,5,11,prior to 06/19/2017,N/A,7/9/2017,Cashmere Mist ,http://shop.nordstrom.com/s/donna-karan-cashmere-mist-eau-de-parfum-rollerball/3746435?origin=category-personalizedsort
Donna Karan,Cashmere Mist ,EDT Spray,1,Nordstrom,5,19,prior to 06/19/2017,N/A,7/9/2017,Cashmere Mist ,http://shop.nordstrom.com/s/donna-karan-cashmere-mist-eau-de-toilette-spray/2792877?origin=category-personalizedsort
Donna Karan,Cashmere Mist ,EDT Spray,3.4,Nordstrom,5,19,prior to 06/19/2017,N/A,7/9/2017,Cashmere Mist ,http://shop.nordstrom.com/s/donna-karan-cashmere-mist-eau-de-toilette-spray/2792877?origin=category-personalizedsort
Donna Karan,Cashmere Aura,EDP,1.7,Nordstrom,5,1,prior to 06/19/2017,N/A,7/9/2017,Cashmere Aura,http://shop.nordstrom.com/s/donna-karan-cashmere-aura-eau-de-parfum/4415018?origin=category-personalizedsort
Donna Karan,Cashmere Aura,EDP,3.4,Nordstrom,5,1,prior to 06/19/2017,N/A,7/9/2017,Cashmere Aura,http://shop.nordstrom.com/s/donna-karan-cashmere-aura-eau-de-parfum/4415018?origin=category-personalizedsort
Donna Karan,Cashmere Aura,Rollerball,3.4,Nordstrom,5,1,prior to 06/19/2017,N/A,7/9/2017,Cashmere Aura,http://shop.nordstrom.com/s/donna-karan-cashmere-aura-eau-de-parfum/4415018?origin=category-personalizedsort
Donna Karan,Liquid Cashmere White,EDP,3.4,Nordstrom,3,1,prior to 06/19/2017,N/A,7/9/2017,Liquid Cashmere White,http://shop.nordstrom.com/s/donna-karan-liquid-cashmere-white-eau-de-parfum/4126989?origin=category-personalizedsort
Donna Karan,Liquid Cashmere White,EDP,1.7,Nordstrom,3,1,prior to 06/19/2017,N/A,7/9/2017,Liquid Cashmere White,http://shop.nordstrom.com/s/donna-karan-liquid-cashmere-white-eau-de-parfum/4126989?origin=category-personalizedsort
Donna Karan,Liquid Cashmere Black,EDP,3.4,Nordstrom,5,1,prior to 06/19/2017,N/A,7/9/2017,Liquid Cashmere Black,http://shop.nordstrom.com/s/donna-karan-liquid-cashmere-black-eau-de-parfum/4128076?origin=category-personalizedsort
Donna Karan,Liquid Cashmere Collection,Rollerball Gift Set,3-Pc.,Macy's,5,5,prior to 06/19/2017,-,7/9/2017,Liquid Cashmere Collection,https://www.macys.com/shop/product/donna-karan-3-pc.-liquid-cashmere-collection-rollerball-gift-set?ID=2903323
Donna Karan,Liquid Cashmere Blush Limited Edition,EDP,1.7,Macy's,5,1,prior to 06/19/2017,-,7/9/2017,Liquid Cashmere Blush Limited Edition,https://www.macys.com/shop/product/donna-karan-liquid-cashmere-blush-limited-edition-eau-de-parfum-1.7-oz?ID=2903328
Donna Karan,Liquid Cashmere Blush,EDP,1,Macy's,4,6,prior to 06/19/2017,-,7/9/2017,Liquid Cashmere Blush,https://www.macys.com/shop/product/donna-karan-liquid-cashmere-blush-eau-de-parfum-1-oz?ID=2468566
Ermenegildo Zegna,Essenze Peruvian Ambrette,EDT,n/a,Bloomingdales,-,0,-,N/A,7/9/2017,Essenze Peruvian Ambrette,https://www.bloomingdales.com/shop/product/ermenegildo-zegna-essenze-peruvian-ambrette-eau-de-toilette?ID=1124503
Ermenegildo Zegna,Italian Bergamot,n/a,n/a,Bloomingdales,-,0,-,N/A,7/9/2017,Italian Bergamot,https://www.bloomingdales.com/shop/product/ermenegildo-zegna-essenze-italian-bergamot-eau-de-toilette?ID=948962
Ermenegildo Zegna,Javanese Patchouli,n/a,n/a,Bloomingdales,-,,-,N/A,7/9/2017,Javanese Patchouli,https://www.bloomingdales.com/shop/product/ermenegildo-zegna-essenze-javanese-patchouli-eau-de-toilette?ID=948964
Ermenegildo Zegna,Mediterranean Neroli,n/a,n/a,Bloomingdales,-,0,-,N/A,7/9/2017,Mediterranean Neroli,https://www.bloomingdales.com/shop/product/ermenegildo-zegna-mediterranean-neroli-eau-de-toilette?ID=1580033
Ermenegildo Zegna,Uomo,EDP Spray,1,Macy's,5,2,"Smells good!!! Nice summer and date fragrance, lots of compliments and projection is better than expected.",Y,7/7/2017,Uomo,https://www.macys.com/shop/product/zegna-uomo-eau-de-parfum-spray-1-oz?ID=4512798
Ermenegildo Zegna,Uomo,EDP Spray,1,Macy's,5,1,Love this I bought this because it was a one day sale and thought of my bf didn't like it he could take it back. Turns out we both love it! Great smell. Stays on all day. Glad I ran across it. Would pay full price and recommend to anyone!,Y,6/23/2017,Uomo,https://www.macys.com/shop/product/zegna-uomo-eau-de-parfum-spray-1-oz?ID=4512798
Ermenegildo Zegna,Acqua di Bergamotto,EDT,3.4,Bloomingdales,5,1,prior to 06/19/2017,N/A,7/9/2017,Acqua di Bergamotto,https://www.bloomingdales.com/shop/product/ermenegildo-zegna-acqua-di-bergamotto-eau-de-toilette-3.4-oz.?ID=1489239
Ermenegildo Zegna,Sicilian Mandarin,n/a,n/a,Bloomingdales,5,1,prior to 06/19/2017,N/A,7/9/2017,Sicilian Mandarin,https://www.bloomingdales.com/shop/product/ermenegildo-zegna-essenze-sicilian-mandarin-eau-de-toilette?ID=948961
Ermenegildo Zegna,Essenze Indonesian Oud,EDT,4.2,Bloomingdales,5,1,prior to 06/19/2017,N/A,7/9/2017,Essenze Indonesian Oud,https://www.bloomingdales.com/shop/product/ermenegildo-zegna-essenze-indonesian-oud-eau-de-toilette?ID=948965
Ermenegildo Zegna,Essenze Florentine Iris,EDT,4.2,Bloomingdales,5,1,prior to 06/19/2017,N/A,7/9/2017,Essenze Florentine Iris,https://www.bloomingdales.com/shop/product/ermenegildo-zegna-essenze-florentine-iris-eau-de-toilette?ID=948963
Michael Kors,Sexy Amber,Gift Set,4-Pc.,Macy's,-,0,-,N/A,7/9/2017,Sexy Amber,https://www.macys.com/shop/product/michael-kors-4-pc.-sexy-amber-gift-set?ID=4750526
Michael Kors,Signature,Spring Gift Set,4-Pc.,Macy's,-,0,-,N/A,7/9/2017,Signature,https://www.macys.com/shop/product/michael-kors-4-pc.-signature-spring-gift-set?ID=4750566
Michael Kors,Signature,EDP Spray,3.4,Macy's,5,59,prior to 06/19/2017,-,7/9/2017,Signature,https://www.macys.com/shop/product/michael-kors-eau-de-parfum-spray-3.4-oz?ID=60550
Michael Kors,Wonderlust,Set,4-Pc.,Macy's,5,1,"AWESOME PURCHASE!!!!!! I wore this to work and can you say ""mesmerized"". There were so many wonderful compliments, this just may be my new signature fragrance.",Y,7/7/2017,Wonderlust,https://www.macys.com/shop/product/michael-kors-4-pc.-wonderlust-set?ID=4750496
Michael Kors,Sexy Amber,Gift Set,3-Pc.,Macy's,4,27,Deal I got this on in a deal price too but must say it turned out to be one of the best buys I have ever got online! I love the fragrance!,Y,7/7/2017,Sexy Amber,https://www.macys.com/shop/product/michael-kors-collection-sexy-amber-3-pc.-gift-set?ID=2894331
Michael Kors,Sexy Amber,Gift Set,3-Pc.,Macy's,5,26,Love this Perfume. This smells so good and it last. Just brought this set yesterday and love it!,Y,6/29/2017,Sexy Amber,https://www.macys.com/shop/product/michael-kors-collection-sexy-amber-3-pc.-gift-set?ID=2894331
Michael Kors,Sexy Amber,Gift Set,3-Pc.,Macy's,5,25,Amazing. Not to strong of a smell it's just right to get the heads turning,Y,6/23/2017,Sexy Amber,https://www.macys.com/shop/product/michael-kors-collection-sexy-amber-3-pc.-gift-set?ID=2894331
Michael Kors,Sexy Amber,Rollerball & Lip Luster Duo,,Macy's,5,24,Smells Good It very convenient for travel.. I love it.. it smells very nice... a light scent.,Y,7/8/2017,Sexy Amber,https://www.macys.com/shop/product/michael-kors-collection-sexy-amber-rollerball-lip-luster-duo?ID=1498889
Michael Kors,Sexy Amber,Rollerball & Lip Luster Duo,,Macy's,5,23,"great gift option bought it to give as a birthday gift, my friend was very happy !
;-)",Y,6/19/2017,Sexy Amber,https://www.macys.com/shop/product/michael-kors-collection-sexy-amber-rollerball-lip-luster-duo?ID=1498889
Michael Kors,Sexy Amber,EDP,6.3,Macy's,5,19,prior to 06/19/2017,-,7/9/2017,Sexy Amber,https://www.macys.com/shop/product/michael-kors-sexy-amber-eau-de-parfum-6.3-oz?ID=2329207
Michael Kors,Sexy Amber,EDP,3.4,Macy's,5,122,prior to 06/19/2017,-,7/9/2017,Sexy Amber,https://www.macys.com/shop/product/michael-kors-sexy-amber-eau-de-parfum-spray-3.4-oz?ID=886389
Michael Kors,Sexy Amber,EDP,1.7,Macy's,5,35,prior to 06/19/2017,-,7/9/2017,Sexy Amber,https://www.macys.com/shop/product/michael-kors-sexy-amber-eau-de-parfum-spray-1.7-oz?ID=886390
Michael Kors,Signature,EDP + Lip Gloss Duo Rollerball,,Macy's,5,35,A must have! Love this lip and perfume combo. Great for travel and a small clutch. Always getting compliments on it!,Y,7/8/2017,Signature,https://www.macys.com/shop/product/michael-kors-eau-de-parfum-lip-gloss-duo-rollerball?ID=978399
Michael Kors,Signature,EDP + Lip Gloss Duo Rollerball,0.34,Bloomingdales,-,0,-,N/A,7/9/2017,Signature,https://www.bloomingdales.com/shop/product/michael-kors-eau-de-parfum-rollerball-lip-gloss-duo?ID=1582891
Michael Kors,For Men Extreme Blue,EDT Spray,4,Macy's,3,14,Nothing to write home about. I'm somewhat disappointed in this fragrance. It is nowhere near as good as the Michael Kors original fragrance for men. A much better choice would be Chrome by Azzaro. Won't be buying this again.,N/A,7/7/2017,For Men Extreme Blue,https://www.macys.com/shop/product/michael-kors-for-men-extreme-blue-eau-de-toilette-spray-4-oz?ID=2230493
Michael Kors,For Men Extreme Blue,EDT Spray,4,Macy's,5,13,The best purchase Ever Thank You. Is a very good product ever Purchase in my Life And will be do again I hope I find the same Product next time.,N/A,6/23/2017,For Men Extreme Blue,https://www.macys.com/shop/product/michael-kors-for-men-extreme-blue-eau-de-toilette-spray-4-oz?ID=2230493
Michael Kors,Extreme Blue,Gift Set,,Macy's,5,5,nan jack. I bought last week this locion for the men. I loved ,N/A,7/3/2017,Extreme Blue,https://www.macys.com/shop/product/michael-kors-extreme-blue-gift-set?ID=2781497
Michael Kors,Glam Jasmine,EDP Spray,3.4,Macy's,4,79,Best product. MK Jasmine is one of the best fragrances in my experience. I would have liked it in Gift pack as it used to be in the past with body lotion and roll-on,Y,7/4/2017,Glam Jasmine,https://www.macys.com/shop/product/michael-kors-glam-jasmine-eau-de-parfum-spray-3.4-oz?ID=886393
Michael Kors,Glam Jasmine,EDP Spray,3.4,Macy's,5,78,"Love it. Very elegant smell, sweet but not too sweet, very refreshing scent.",Y,6/19/2017,Glam Jasmine,https://www.macys.com/shop/product/michael-kors-glam-jasmine-eau-de-parfum-spray-3.4-oz?ID=886393
Michael Kors,Signature,EDP Spray,3.4,Bloomingdales,5,3,prior to 06/19/2017,N/A,7/9/2017,Signature,https://www.bloomingdales.com/shop/product/michael-kors-eau-de-parfum-spray-3.4-oz.?ID=90543
Michael Kors,Signature,EDP Spray,1.7,Bloomingdales,5,3,prior to 06/19/2017,N/A,7/9/2017,Signature,https://www.bloomingdales.com/shop/product/michael-kors-eau-de-parfum-spray-1.7-oz.?ID=452938
Michael Kors,Glam Jasmine,EDP Spray,3.4,Bloomingdales,-,0,-,N/A,7/9/2017,Glam Jasmine,https://www.bloomingdales.com/shop/product/michael-kors-glam-jasmine-eau-de-parfum-3.4-oz.?ID=1077011
Michael Kors,Glam Jasmine,EDP Spray,1.7,Macy's,5,17,prior to 06/19/2017,-,7/9/2017,Glam Jasmine,https://www.macys.com/shop/product/michael-kors-glam-jasmine-eau-de-parfum-spray-1.7-oz?ID=886394
Michael Kors,Midnight Shimmer,EDP,1,Macy's,-,0,-,N/A,7/9/2017,Midnight Shimmer,https://www.macys.com/shop/product/michael-kors-midnight-shimmer-eau-de-parfum-1-oz.?ID=4585658
Michael Kors,Sexy Amber,EDP,3.4,Bloomingdales,-,0,-,N/A,7/9/2017,Sexy Amber,https://www.bloomingdales.com/shop/product/michael-kors-sexy-amber-eau-de-parfum-3.4-oz.?ID=1077005
Michael Kors,Signature,EDP,3.4,Sephora,5,499,"Love. Love. Love. I have been wearing this perfume for years and I get compliments all the time. I have bought others to change it up a bit but always come back to this one. It's my absolute favorite. If you've ever been in or walked past a Michael Kors store, this is the smell that floods through the store. My local store used to spray all the tissue paper that they used in the bags of merchandise. Try it out, you will not be disappointed.",N/A,6/30/2017,Signature,http://www.sephora.com/michael-kors-P9008?skuId=472837&icid2=products%20grid:p9008
Michael Kors,Sporty Sexy Glam,Collection,3-Pc.,Bloomingdales,-,0,-,N/A,7/9/2017,Sporty Sexy Glam,https://www.bloomingdales.com/shop/product/michael-kors-sporty-sexy-glam-collection?ID=1077014
Michael Kors,Signature,EDP,1,Sephora,5,499,"Love. Love. Love. I have been wearing this perfume for years and I get compliments all the time. I have bought others to change it up a bit but always come back to this one. It's my absolute favorite. If you've ever been in or walked past a Michael Kors store, this is the smell that floods through the store. My local store used to spray all the tissue paper that they used in the bags of merchandise. Try it out, you will not be disappointed.",N/A,6/30/2017,Signature,http://www.sephora.com/michael-kors-P9008?skuId=472837&icid2=products%20grid:p9008
Michael Kors,Signature,EDP,1.7,Sephora,5,499,"Love. Love. Love. I have been wearing this perfume for years and I get compliments all the time. I have bought others to change it up a bit but always come back to this one. It's my absolute favorite. If you've ever been in or walked past a Michael Kors store, this is the smell that floods through the store. My local store used to spray all the tissue paper that they used in the bags of merchandise. Try it out, you will not be disappointed.",N/A,6/30/2017,Signature,http://www.sephora.com/michael-kors-P9008?skuId=472837&icid2=products%20grid:p9008
Michael Kors,Signature,EDP Rollerball & Lip Luster Duo,N/A,Sephora,4,25,prior to 06/19/2017,N/A,7/9/2017,Signature,http://www.sephora.com/michael-kors-edu-de-parfum-lip-gloss-rollerball-duo-P377490?skuId=1113976&icid2=products%20grid:p377490
Michael Kors,Gorgeous,Gift Set,3-Pc.,Sephora,4,2,prior to 06/19/2017,N/A,7/9/2017,Gorgeous,http://www.sephora.com/michael-kors-gorgeous-gift-set-P411536?skuId=1854710&icid2=products%20grid:p411536
Michael Kors,Michael Kors for Men,EDT Spray,2.3,Sephora,5,2,prior to 06/19/2017,N/A,7/9/2017,Michael Kors for Men,http://www.sephora.com/michael-kors-for-men-P396279?skuId=1710417&icid2=products%20grid:p396279
Michael Kors,Michael Kors for Men,EDT Spray,4,Sephora,5,2,prior to 06/19/2017,N/A,7/9/2017,Michael Kors for Men,http://www.sephora.com/michael-kors-for-men-P396279?skuId=1710417&icid2=products%20grid:p396279
Michael Kors,Turquoise,EDP,1.7,Sephora,5,3,amazing smell. I got a sample of this perfume while looking at a what to buy for a summer perfume. It lasts so long that I can still smell it on my skin throughout the day. it's a floral crisp clean smell and I can't get enough of it.,N/A,7/8/2017,Turquoise,http://www.sephora.com/turquoise-P414630?skuId=1877232&icid2=products%20grid:p414630
Michael Kors,Turquoise,EDP,1.7,Sephora,5,2,"My new favorite. I'm so in love with this scent, it's a nice and fresh scent. Perfect for summer time!",N/A,7/4/2017,Turquoise,http://www.sephora.com/turquoise-P414630?skuId=1877232&icid2=products%20grid:p414630
Michael Kors,Turquoise,EDP Spray,1,Macy's,-,0,-,N/A,7/9/2017,Turquoise,https://www.macys.com/shop/product/michael-kors-turquoise-eau-de-parfum-spray-1-oz.?ID=4833432
Michael Kors,Turquoise,EDP,1,Sephora,5,3,"My new favorite. I'm so in love with this scent, it's a nice and fresh scent. Perfect for summer time!",N/A,7/4/2017,Turquoise,http://www.sephora.com/turquoise-P414630?skuId=1877232&icid2=products%20grid:p414630
Michael Kors,Turquoise,EDP,3.4,Sephora,5,3,"My new favorite. I'm so in love with this scent, it's a nice and fresh scent. Perfect for summer time!",N/A,7/4/2017,Turquoise,http://www.sephora.com/turquoise-P414630?skuId=1877232&icid2=products%20grid:p414630
Michael Kors,Wonderlust,EDP,1.7,Sephora,4,22,smells amazing! i absolutely love the way this smells! perfect scent for summer! i just wish i had gotten the full size bottle.,N/A,7/5/2017,Wonderlust,http://www.sephora.com/wonderlust-P412538?skuId=1854785&icid2=products%20grid:p412538
Michael Kors,Turquoise,EDP Spray,3.4,Macy's,5,7,prior to 06/19/2017,-,7/9/2017,Turquoise,https://www.macys.com/shop/product/michael-kors-turquoise-eau-de-parfum-3.4-oz?ID=3052892
Michael Kors,Wonderlust,EDP,3.4,Macy's,2,24,"So goed that disappear in one hour! :( Nice perfume. But he scent does not last past even an hour. It's so disappointing. By the time I arrived to a party could not smell any of it.
To expensive for one hour perfume! :/",N/A,6/24/2017,Wonderlust,https://www.macys.com/shop/product/michael-kors-wonderlust-eau-de-parfum-spray-3.4-oz?ID=2894349
Michael Kors,Wonderlust,EDP,3.4,Macy's,5,23,I love it! I first received this as a sample. I later purchased the smaller size and I eventually had to upgrade to the 3.4 oz. Overall it is the better buy. I love it because the smell last all day.,Y,6/19/2017,Wonderlust,https://www.macys.com/shop/product/michael-kors-wonderlust-eau-de-parfum-spray-3.4-oz?ID=2894349
Michael Kors,Wonderlust,EDP,1.7,Macy's,4.5,7,prior to 06/19/2017,-,7/9/2017,Wonderlust,https://www.macys.com/shop/product/michael-kors-wonderlust-eau-de-parfum-1.7-oz?ID=2894351
Michael Kors,Wonderlust,Rollerball,0.34,Macy's,5,22,prior to 06/19/2017,-,7/9/2017,Wonderlust,https://www.macys.com/shop/product/michael-kors-wonderlust-rollerball-0.34-oz?ID=2894355
Michael Kors,Wonderlust,Gift Set,2-Pc.,Macy's,5,6,Amazing fragrance The fragrance is so soft and light.The smell last for 12 hours.,Y,7/2/2017,Wonderlust,https://www.macys.com/shop/product/michael-kors-2-pc.-wonderlust-gift-set?ID=4372739
Michael Kors,Wonderlust,EDP,1,Sephora,4,22,smells amazing! i absolutely love the way this smells! perfect scent for summer! i just wish i had gotten the full size bottle.,N/A,7/5/2017,Wonderlust,http://www.sephora.com/wonderlust-P412538?skuId=1854785&icid2=products%20grid:p412538
Michael Kors,Wonderlust,EDP,3.4,Sephora,4,22,smells amazing! i absolutely love the way this smells! perfect scent for summer! i just wish i had gotten the full size bottle.,N/A,7/5/2017,Wonderlust,http://www.sephora.com/wonderlust-P412538?skuId=1854785&icid2=products%20grid:p412538
Michael Kors,Wonderlust,Gift Set,3-Pc.,Sephora,-,0,-,N/A,7/9/2017,Wonderlust,http://www.sephora.com/wonderlust-gift-set-P414788?skuId=1871649&icid2=products%20grid:p414788
Michael Kors,Wonderlust,Rollerball,0.34,Sephora,3,6,floral and for an older woman. I ordered this based on all the reviews but this perfume is very flowery. I was searching for the Jasmine scent. I didn't find it. It's overpowering and so I recommend only 1 or 2 sprays. A slight tinge of a peppery scent. A little goes a long way. I just ordered it to find out what the hype was all about.,N/A,6/22/2017,Wonderlust,http://www.sephora.com/wonderlust-rollerball-P412537?skuId=1871813&icid2=products%20grid:p412537
Michael Kors,Wonderlust,Gift Set,3-Pc.,Macy's,5,28,prior to 06/19/2017,-,7/9/2017,Wonderlust,https://www.macys.com/shop/product/michael-kors-3-pc.-wonderlust-gift-set?ID=2894354
Michael Kors,Wonderlust Sensual Essense,EDP Spray,3.4,Macy's,-,0,-,N/A,7/9/2017,Wonderlust Sensual Essense,https://www.macys.com/shop/product/michael-kors-wonderlust-sensual-essence-eau-de-parfum-spray-3.4-oz.?ID=4750379
Michael Kors,Signature,EDP Spray,1.7,Nordstrom,5,33,prior to 06/19/2017,N/A,7/9/2017,Signature,http://shop.nordstrom.com/s/michael-kors-eau-de-parfum-spray/2797668?origin=category-personalizedsort
Michael Kors,Signature,EDP Spray,3.4,Nordstrom,5,33,prior to 06/19/2017,N/A,7/9/2017,Signature,http://shop.nordstrom.com/s/michael-kors-eau-de-parfum-spray/2797668?origin=category-personalizedsort
Michael Kors,Sexy Amber,EDP,1,Sephora,4.5,36,prior to 06/19/2017,N/A,7/9/2017,Sexy Amber,http://www.sephora.com/sexy-amber-eau-de-parfum-P395438?skuId=1703685&icid2=products%20grid:p395438
Michael Kors,Sexy Amber,EDP,1.7,Sephora,4.5,36,prior to 06/19/2017,N/A,7/9/2017,Sexy Amber,http://www.sephora.com/sexy-amber-eau-de-parfum-P395438?skuId=1703685&icid2=products%20grid:p395438
Michael Kors,Sexy Amber,EDP,3.4,Sephora,4.5,36,prior to 06/19/2017,N/A,7/9/2017,Sexy Amber,http://www.sephora.com/sexy-amber-eau-de-parfum-P395438?skuId=1703685&icid2=products%20grid:p395438
Michael Kors,Sexy Amber,Rollerball,0.34,Sephora,4,10,prior to 06/19/2017,N/A,7/9/2017,Sexy Amber,http://www.sephora.com/sexy-amber-rollerball-P395432?skuId=1703701&icid2=products%20grid:p395432
Michael Kors,Sexy Amber,EDP Rollerball & Lip Luster Duo,0.34,Sephora,4.5,2,prior to 06/19/2017,N/A,7/9/2017,Sexy Amber,http://www.sephora.com/sexy-amber-eau-de-parfum-rollerball-lip-luster-duo-P408462?skuId=1819846&icid2=products%20grid:p408462
Michael Kors,Sexy Blossom,EDP,1,Sephora,4,3,prior to 06/19/2017,N/A,7/9/2017,Sexy Blossom,http://www.sephora.com/sexy-blossom-P414631?skuId=1854751&icid2=products%20grid:p414631
Michael Kors,Sexy Blossom,EDP,1.7,Sephora,4,3,prior to 06/19/2017,N/A,7/9/2017,Sexy Blossom,http://www.sephora.com/sexy-blossom-P414631?skuId=1854751&icid2=products%20grid:p414631
Michael Kors,Sexy Blossom,EDP,3.4,Sephora,4,3,prior to 06/19/2017,N/A,7/9/2017,Sexy Blossom,http://www.sephora.com/sexy-blossom-P414631?skuId=1854751&icid2=products%20grid:p414631
Michael Kors,Glam Jasmine,EDP,1,Sephora,4.5,13,prior to 06/19/2017,N/A,7/9/2017,Glam Jasmine,http://www.sephora.com/glam-jasmine-eau-de-parfum-P395440?skuId=1703669&icid2=products%20grid:p395440
Michael Kors,Glam Jasmine,EDP,1.7,Sephora,4.5,13,prior to 06/19/2017,N/A,7/9/2017,Glam Jasmine,http://www.sephora.com/glam-jasmine-eau-de-parfum-P395440?skuId=1703669&icid2=products%20grid:p395440
Michael Kors,Glam Jasmine,EDP,3.4,Sephora,4.5,13,prior to 06/19/2017,N/A,7/9/2017,Glam Jasmine,http://www.sephora.com/glam-jasmine-eau-de-parfum-P395440?skuId=1703669&icid2=products%20grid:p395440
Michael Kors,Glam Jasmine,EDP Rollerball & Lip Luster Duo,0.34,Sephora,5,2,prior to 06/19/2017,N/A,7/9/2017,Glam Jasmine,http://www.sephora.com/glam-jasmine-eau-de-parfum-rollerball-lip-luster-duo-P408461?skuId=1819853&icid2=products%20grid:p408461
Michael Kors,Sporty Citrus Jet Set Go ,Travel Set,3-Pc.,Sephora,3.5,2,prior to 06/19/2017,N/A,7/9/2017,Sporty Citrus Jet Set Go ,http://www.sephora.com/sporty-citrus-jet-set-go-travel-set-P399253?skuId=1739218&icid2=products%20grid:p399253
Michael Kors,Rose Radiant Gold,EDP Spray,1.7,Sephora,4,19,prior to 06/19/2017,N/A,7/9/2017,Rose Radiant Gold,http://www.sephora.com/rose-radiant-gold-P400123?skuId=1735836&icid2=products%20grid:p400123
Michael Kors,White Luminous Gold,EDP Spray,1.7,Sephora,2.5,6,prior to 06/19/2017,N/A,7/9/2017,White Luminous Gold,http://www.sephora.com/white-luminous-gold-P400121?skuId=1735026&icid2=products%20grid:p400121
Michael Kors,Sexy Blossom,EDP,3.4,Macy's,5,5,prior to 06/19/2017,-,7/9/2017,Sexy Blossom,https://www.macys.com/shop/product/michael-kors-sexy-blossom-eau-de-parfum-3.4-oz?ID=3007985
Michael Kors,Fabulous Rose Radiant Gold,EDP,3.4,Macy's,4.5,14,prior to 06/19/2017,-,7/9/2017,Fabulous Rose Radiant Gold,https://www.macys.com/shop/product/michael-kors-fabulous-rose-radiant-gold-eau-de-parfum-3.4-oz?ID=2268088
Tommy Hilfiger,Signature,EDT Spray,6.7,Macy's,4,6,prior to 06/19/2017,-,7/9/2017,Signature,https://www.macys.com/shop/product/tommy-hilfiger-eau-de-toilette-spray-6.7-oz?ID=2833233
Tommy Hilfiger,Tommy Girl,EDP Spray,3.4,Macy's,5,28,prior to 06/19/2018,-,7/9/2017,Tommy Girl,https://www.macys.com/shop/product/tommy-girl-3.4-oz.?ID=3336
Tory Burch,Signature,Gift Set,2-Pc.,Macy's,4,3,Smells good. The bottle is cute and the smell is great. I always have great complements from friends when I have it on.,Y,6/19/2017,Signature,https://www.macys.com/shop/product/tory-burch-2-pc.-signature-gift-set?ID=4375753
Tory Burch,Signature,Gift Set,3-Pc.,Macy's,5,4,prior to 06/19/2017,-,7/9/2017,Signature,https://www.macys.com/shop/product/tory-burch-3-pc.-signature-gift-set?ID=4477346
Tory Burch,Signature,EDP Refillable Travel Spray Set,,Macy's,4.5,3,prior to 06/19/2017,-,7/9/2017,Signature,https://www.macys.com/shop/product/tory-burch-eau-de-parfum-refillable-travel-spray-set?ID=1898693
Tory Burch,Love Relentlessly,Gift Set,3-Pc.,Macy's,-,0,-,N/A,7/9/2017,Love Relentlessly,https://www.macys.com/shop/product/tory-burch-3-pc.-love-relentlessly-gift-set?ID=4676238
Tory Burch,Love Relentlessly,Gift Set,3-Pc.,Macy's,5,11,"
LOVE LOVE! Absolutely great! Item received on time with nice perfume samples. As a result of a previous order I purchase this perfume.",Y,7/8/2017,Love Relentlessly,https://www.macys.com/shop/product/tory-burch-3-pc.-love-relentlessly-gift-set?ID=4440212
Tory Burch,Love Relentlessly,Gift Set,3-Pc.,Macy's,5,10,"Tory Burch Cologne Set. I purchased this as a gift and the recipient loved it!
I want to get one for myself.",Y,6/30/2017,Love Relentlessly,https://www.macys.com/shop/product/tory-burch-3-pc.-love-relentlessly-gift-set?ID=4440212
Tory Burch,Absolu,EDP,1.7,Nordstrom,5,10,"Smell of Soistication!
I absolutely love this scent! A great scent that can transition you from summer to fall/winter. It lasts all day long, with a fresh chic scent and little bit of boldness, spray more for a more intense aroma! I have received many compliments when I wear this fragrance. I highly recommend trying it!",N/A,7/1/2017,Absolu,http://shop.nordstrom.com/s/tory-burch-absolu-eau-de-parfum/4093585?origin=category-personalizedsort
Tory Burch,Absolu,Rollerball,0.2,Macy's,-,0,-,N/A,7/9/2017,Absolu,https://www.macys.com/shop/product/tory-burch-absolu-rollerball-0.2-oz?ID=2895944
Tory Burch,Absolu,Rollerball,0.2,Sephora,-,0,-,N/A,7/9/2017,Absolu,http://www.sephora.com/tory-burch-absolu-rollerball-P414625?skuId=1876648&icid2=products%20grid:p414625#pdp-reviews
Tory Burch,Absolu,EDP Spray,1.7,Sephora,4,38,prior to 06/19/2017,N/A,7/9/2017,Absolu,http://www.sephora.com/tory-burch-absolu-P400119?skuId=1756899&icid2=products%20grid:p400119
Tory Burch,Absolu,EDP Spray,3.4,Sephora,4,38,prior to 06/19/2017,N/A,7/9/2017,Absolu,http://www.sephora.com/tory-burch-absolu-P400119?skuId=1756899&icid2=products%20grid:p400119
Tory Burch,Bel Azur,EDP Spray,1.7,Sephora,5,2,"Perfect for Summer and the Beach. I love love love this. it reminds me of sunny days, wind in my hair, sand between my toes. pure relaxation. I prefer fresh fragrances with a spike a citrus. not too florally. Def my new favorite beach in a bottle!",N/A,7/5/2017,Bel Azur,http://www.sephora.com/tory-burch-bel-azur-P420534?skuId=1957372&icid2=products%20grid:p420534
Tory Burch,Bel Azur,EDP Spray,1.7,Sephora,1,1,"Disappointed. I was so excited about this new Tory Burch fragrance & couldn't wait to try it! Unfortunately, after receiving my bottle today, the first spray left me with a headache. This scent smells like men's cologne. It is overpowering. It reminds me of the original men's Polo cologne in the green bottle. Very disappointing as I love all of the other Tory Burch scents. This one will be returned.",N/A,7/3/2017,Bel Azur,http://www.sephora.com/tory-burch-bel-azur-P420534?skuId=1957372&icid2=products%20grid:p420534
Tory Burch,Bel Azur,EDP,1.7,Bloomingdales,-,0,-,N/A,7/9/2017,Bel Azur,https://www.bloomingdales.com/shop/product/tory-burch-bel-azur-eau-de-parfum-1.7-oz.?ID=2614951
Tory Burch,Bel Azur,EDP,3.4,Bloomingdales,-,0,-,N/A,7/9/2017,Bel Azur,https://www.bloomingdales.com/shop/product/tory-burch-bel-azur-eau-de-parfum-3.4-oz.?ID=2614950
Tory Burch,Bel Azur,EDP Spray,3.4,Sephora,1,1,"Disappointed. I was so excited about this new Tory Burch fragrance & couldn't wait to try it! Unfortunately, after receiving my bottle today, the first spray left me with a headache. This scent smells like men's cologne. It is overpowering. It reminds me of the original men's Polo cologne in the green bottle. Very disappointing as I love all of the other Tory Burch scents. This one will be returned.",N/A,7/3/2017,Bel Azur,http://www.sephora.com/tory-burch-bel-azur-P420534?skuId=1957372&icid2=products%20grid:p420534
Tory Burch,Bel Azur,Rollerball,0.2,Sephora,1,1,"confused. it says citrus and fruity and I usually love Tory Burch which made me by it online, but this is hands down floral. will be returning tomorrow.",N/A,7/7/2017,Bel Azur,http://www.sephora.com/tory-burch-bel-azur-rollerball-P420535?skuId=1953173&icid2=products%20grid:p420535
Tory Burch,Jolie Fleur Bleue,EDP Spray,1.7,Sephora,5,26,"Love it. Great scent. Received a sample and was convinced. Lasts, compatible with me, enjoyable.",N/A,6/24/2017,Jolie Fleur Bleue,http://www.sephora.com/tory-burch-jolie-fleur-bleue-P404276?skuId=1780154&icid2=products%20grid:p404276
Tory Burch,Jolie Fleur Bleue,EDP,1.7,Bloomingdales,-,0,-,N/A,7/9/2017,Jolie Fleur Bleue,https://www.bloomingdales.com/shop/product/tory-burch-jolie-fleur-blue-eau-de-parfum?ID=1567268
Tory Burch,Absolu,EDP Spray,3.4,Macy's,4,5,prior to 06/19/2017,-,7/9/2017,Absolu,https://www.macys.com/shop/product/tory-burch-absolu-eau-de-parfum-spray-3.4-oz?ID=2622217
Tory Burch,Jolie Fleur Bleue,Rollerball,,Macy's,5,5,"Nice scent for the Spring! I had never bought the first Tory Burch fragrance when it came out. I had other perfumes in my mind to buy like the New York Bond's No. 9 in Liberty Island. However, when Tory Burch launched her spring collection, I became curious and had to try them. I got all three in a sample set with a Sephora purchase. Jolie Fleur Bleue became an instant favorite, so I purchased it. Since then, I also fell in love with the Lavendar scent too! I really like the others too and will purchase them in the future.",,7/4/2017,Jolie Fleur Bleue,https://www.macys.com/shop/product/tory-burch-jolie-fleur-bleue-rollerball?ID=2862818
Tory Burch,Jolie Fleur Verte,Collection,n/a,Bloomingdales,-,,-,N/A,7/9/2017,Jolie Fleur Verte,https://www.bloomingdales.com/shop/product/tory-burch-jolie-fleur-collection?ID=1582906
Tory Burch,Absolu,EDP,3.4,Nordstrom,5,10,"Smell of Soistication!
I absolutely love this scent! A great scent that can transition you from summer to fall/winter. It lasts all day long, with a fresh chic scent and little bit of boldness, spray more for a more intense aroma! I have received many compliments when I wear this fragrance. I highly recommend trying it!",N/A,7/1/2017,Absolu,http://shop.nordstrom.com/s/tory-burch-absolu-eau-de-parfum/4093585?origin=category-personalizedsort
Tory Burch,Jolie Fleur Lavande,EDP Spray,1.7,Nordstrom,-,0,-,N/A,7/9/2017,Jolie Fleur Lavande,http://shop.nordstrom.com/s/tory-burch-jolie-fleur-lavande-eau-de-parfum-spray/4595839?origin=category-personalizedsort
Tory Burch,Jolie Fleur Bleue,EDP Spray,3.4,Sephora,4,26,"Love it. Great scent. Received a sample and was convinced. Lasts, compatible with me, enjoyable.",N/A,6/24/2017,Jolie Fleur Bleue,http://www.sephora.com/tory-burch-jolie-fleur-bleue-P404276?skuId=1780154&icid2=products%20grid:p404276
Tory Burch,Jolie Fleur Bleue,Rollerball,0.2,Sephora,4,11,prior to 06/19/2017,N/A,7/9/2017,Jolie Fleur Bleue,http://www.sephora.com/tory-burch-jolie-fleur-bleue-rollerball-P404282?skuId=1780170&icid2=products%20grid:p404282
Tory Burch,Jolie Fleur Lavande,Rollerball,0.2,Sephora,5,6,LOVE. I don't know why the bad reviews I absolutely love this fragrance. it's light and perfect for everyday. and very much smells like lavender and doesn't smell like old lady Like others say.,N/A,7/4/2017,Jolie Fleur Lavande,http://www.sephora.com/tory-burch-jolie-fleur-lavande-rollerball-P416837?skuId=1914910&icid2=products%20grid:p416837
Tory Burch,Jolie Fleur Lavande,EDP Spray,1.7,Sephora,4,23,prior to 06/19/2017,N/A,7/9/2017,Jolie Fleur Lavande,http://www.sephora.com/tory-burch-jolie-fleur-lavande-P416838?skuId=1914902&icid2=products%20grid:p416838
Tory Burch,Jolie Fleur Lavande,EDP Spray,3.4,Sephora,4,23,prior to 06/19/2017,N/A,7/9/2017,Jolie Fleur Lavande,http://www.sephora.com/tory-burch-jolie-fleur-lavande-P416838?skuId=1914902&icid2=products%20grid:p416838
Tory Burch,Jolie Fleur Verte,Rollerball,0.2,Sephora,5,16,"Delicious! This scent is so perfect for someone who doesn't want a super sweet or floral scent. It is just subtle enough! I wish it were a spray, but other than that it's perfect!",N/A,7/9/2017,Jolie Fleur Verte,http://www.sephora.com/tory-burch-jolie-fleur-verte-rollerball-P404280?skuId=1780162&icid2=products%20grid:p404280
Tory Burch,Jolie Fleur Bleue,EDP,3.4,Macy's,5,5,prior to 06/19/2017,-,7/9/2017,Jolie Fleur Bleue,https://www.macys.com/shop/product/tory-burch-jolie-fleur-bleue-eau-de-parfum-3.4-oz?ID=2839580
Tory Burch,Jolie Fleur Bleue,Gift Set,2-Pc.,Macy's,5,1,prior to 06/19/2017,-,7/9/2017,Jolie Fleur Bleue,https://www.macys.com/shop/product/tory-burch-2-pc.-jolie-fleur-bleue-gift-set?ID=4439243
Tory Burch,Jolie Fleur Verte,EDP Spray,1.7,Sephora,4,51,prior to 06/19/2017,N/A,7/9/2017,Jolie Fleur Verte,http://www.sephora.com/tory-burch-jolie-fleur-verte-P404274?skuId=1780139&icid2=products%20grid:p404274
Tory Burch,Jolie Fleur Verte,EDP Spray,3.4,Sephora,4,51,prior to 06/19/2017,N/A,7/9/2017,Jolie Fleur Verte,http://www.sephora.com/tory-burch-jolie-fleur-verte-P404274?skuId=1780139&icid2=products%20grid:p404274
Tory Burch,Jolie Fleur Rose,EDP Spray,1,Sephora,4,25,prior to 06/19/2017,N/A,7/9/2017,Jolie Fleur Rose,http://www.sephora.com/tory-burch-jolie-fleur-rose-P404267?skuId=1780113&icid2=products%20grid:p404267
Tory Burch,Jolie Fleur Rose,EDP Spray,1.7,Sephora,4,25,prior to 06/19/2017,N/A,7/9/2017,Jolie Fleur Rose,http://www.sephora.com/tory-burch-jolie-fleur-rose-P404267?skuId=1780113&icid2=products%20grid:p404267
Tory Burch,Jolie Fleur Rose,Rollerball,0.2,Sephora,4,15,prior to 06/19/2017,N/A,7/9/2017,Jolie Fleur Rose,http://www.sephora.com/tory-burch-jolie-fleur-rose-rollerball-P404278?skuId=1780238&icid2=products%20grid:p404278
Tory Burch,Jolie Fleur,Mini Travel Spray Set,3-Pc.,Sephora,4,20,prior to 06/19/2017,N/A,7/9/2017,Jolie Fleur,http://www.sephora.com/Jolie%20Fleur%20Mini%20Travel%20Spray%20Set/jolie-fleur-mini-travel-spray-set-P409730?skuId=1830124&icid2=products%20grid:p409730
Tory Burch,Love Relentlessly,EDP Spray,1.7,Sephora,3,130,"Meh...didn't exactly smell floral or sweet. I tried this perfume on at the Sephora store. It didn't exactly smell ""floral"" sprayed onto the paper or on my body. The scent was not what I was expecting and didn't work well with my body chemistry. Glad that I tried it in store because I was thinking about buying it. The bottle itself is pretty though.",N/A,6/25/2017,Love Relentlessly,http://www.sephora.com/love-relentlessly-P48696122?skuId=1887553&icid2=products%20grid%3Ap48696122
Tory Burch,Love Relentlessly,EDP Spray,1.7,Sephora,5,129,"Really fragrant! I actually really like this fragrance. Im a sucker for perfumes & enjoy trying different ones on to match my skin. Perfumes are soo subjective that they're difficult to review, however, I like this one so much that I decided to leave a review on it. The notes are hard to describe when someone smells me, but I can smell this perfume on me & that's what makes it great!!! Like other reviewers have stated, it lasts too, which is awesome. How many synthetic fragrances out there don't last?? I'm always looking for a scent that matches my skin/chemistry & this is IT!!!",N/A,6/24/2017,Love Relentlessly,http://www.sephora.com/love-relentlessly-P48696122?skuId=1887553&icid2=products%20grid%3Ap48696122
Tory Burch,Love Relentlessly,EDP Spray,1.7,Ulta,5,79,Love the Love Not my usual floral but I love it,Y,6/29/2017,Love Relentlessly,http://www.ulta.com/love-relentlessly-eau-de-parfum?productId=xlsImpprod15301035&sku=2502142&_requestid=14082250
Tory Burch,Love Relentlessly,EDP Spray,1.7,Ulta,5,78,My new favorite and go to Love this for everyday...waited to use my 20% off because i was reluctant to buy with the high price..worth every penny! Need to grab the rollerball for my purse,Y,6/28/2017,Love Relentlessly,http://www.ulta.com/love-relentlessly-eau-de-parfum?productId=xlsImpprod15301035&sku=2502142&_requestid=14082250
Tory Burch,Love Relentlessly,EDP Spray,1.7,Ulta,5,77,The scent catches everyone for attention!!! This is my calm scent for the day.,Y,6/27/2017,Love Relentlessly,http://www.ulta.com/love-relentlessly-eau-de-parfum?productId=xlsImpprod15301035&sku=2502142&_requestid=14082250
Tory Burch,Love Relentlessly,Gift Set,3-Pc.,Ulta,5,7,Love love. Awesome gift set,Y,7/2/2017,Love Relentlessly,http://www.ulta.com/love-relentlessly-gift-set?productId=xlsImpprod15861221
Tory Burch,Love Relentlessly,EDP Spray,3.4,Macy's,5,13,prior to 06/19/2017,-,7/9/2017,Love Relentlessly,https://www.macys.com/shop/product/tory-burch-love-relentlessly-eau-de-parfum-spray-3.4-oz?ID=4358279
Tory Burch,Love Relentlessly,Rollerball,,Macy's,4,5,prior to 06/19/2017,-,7/9/2017,Love Relentlessly,https://www.macys.com/shop/product/tory-burch-love-relentlessly-rollerball?ID=4372251
Tory Burch,Signature,EDP,1.7,Macy's,5,19,Love! I recently had gotten a sample of this in a gift bag and it smells amazing. I decided to buy it! Usually takes me some time to purchase perfume but this was hands down awesome!,Y,6/23/2017,Signature,https://www.macys.com/shop/product/tory-burch-eau-de-parfum-1.7-oz?ID=1877013
Tory Burch,Signature,EDP,3.4,Ulta,5,3,Awesome. I've received so many compliments on how good I smell. My new favorite perfume,Y,7/9/2017,Signature,http://www.ulta.com/tory-burch-eau-de-parfum?productId=xlsImpprod16231017
Tory Burch,Signature,EDP,1.7,Ulta,5,2,Amazing summer scent I always always ALWAYS get compliments when I wear this perfume. Perfect for the summer months and it is more of a summery scent. Lasts all day,Y,6/22/2017,Signature,http://www.ulta.com/tory-burch-eau-de-parfum?productId=xlsImpprod16231017
Tory Burch,Love Relentlessly,EDP Spray,1,Sephora,4,130,prior to 06/19/2017,N/A,7/9/2017,Love Relentlessly,http://www.sephora.com/love-relentlessly-P48696122?skuId=1887553&icid2=products%20grid:p48696122
Tory Burch,Love Relentlessly,EDP Spray,3.4,Sephora,4,130,prior to 06/19/2017,N/A,7/9/2017,Love Relentlessly,http://www.sephora.com/love-relentlessly-P48696122?skuId=1887553&icid2=products%20grid:p48696122
Tory Burch,Love Relentlessly,Rollerball,0.2,Sephora,3.5,12,prior to 06/19/2017,N/A,7/9/2017,Love Relentlessly,http://www.sephora.com/love-relentlessly-rollerball-P414624?skuId=1887579&icid2=products%20grid:p414624
Tory Burch,Love Relentlessly,Gift Set,3-Pc.,Sephora,5,1,prior to 06/19/2017,N/A,7/9/2017,Love Relentlessly,http://www.sephora.com/love-relentlessly-gift-set-P417833?skuId=1914936&icid2=products%20grid:p417833
Tory Burch,Signature,Gift Set,3-Pc.,Sephora,-,0,-,N/A,7/9/2017,Signature,http://www.sephora.com/tory-burch-signature-gift-set-P417834?skuId=1914928&icid2=products%20grid:p417834
Tory Burch,Love Relentlessly,EDP Spray,3.4,Bloomingdales,4,4,prior to 06/19/2017,N/A,7/9/2017,Love Relentlessly,https://www.bloomingdales.com/shop/product/tory-burch-love-relentlessly-eau-de-parfum-3.4-oz.?ID=2413977
Tory Burch,Love Relentlessly,Rollerball,0.28,Bloomingdales,4,4,prior to 06/19/2017,N/A,7/9/2017,Love Relentlessly,https://www.bloomingdales.com/shop/product/tory-burch-love-relentlessly-eau-de-parfum-rollerball-0.28-oz.?ID=2413979
Tory Burch,Signature,EDP Spray,3.4,Bloomingdales,4,19,prior to 06/19/2017,N/A,7/9/2017,Signature,https://www.bloomingdales.com/shop/product/tory-burch-eau-de-parfum-spray-3.4-oz.?ID=786569
Tory Burch,Signature,EDP Spray,1.7,Bloomingdales,4,19,prior to 06/19/2017,N/A,7/9/2017,Signature,https://www.bloomingdales.com/shop/product/tory-burch-eau-de-parfum-spray-1.7-oz.?ID=786570
Tory Burch,Signature,EDP,3.4,Macy's,5,35,prior to 06/19/2017,-,7/9/2017,Signature,https://www.macys.com/shop/product/tory-burch-eau-de-parfum-3.4-oz?ID=1877012
Tory Burch,Signature,EDP Rollerball,0.2,Macy's,5,26,prior to 06/19/2017,-,7/9/2017,Signature,https://www.macys.com/shop/product/tory-burch-eau-de-parfum-rollerball-0.2-oz?ID=2376754
Tory Burch,Signature,EDP Spray,1,Sephora,4,356,prior to 06/19/2017,N/A,7/9/2017,Signature,http://www.sephora.com/tory-burch-P384967?skuId=1574755&icid2=products%20grid:p384967
Tory Burch,Signature,EDP Spray,1.7,Sephora,4,356,prior to 06/19/2017,N/A,7/9/2017,Signature,http://www.sephora.com/tory-burch-P384967?skuId=1574755&icid2=products%20grid:p384967
Tory Burch,Signature,EDP Spray,3.4,Sephora,4,356,prior to 06/19/2017,N/A,7/9/2017,Signature,http://www.sephora.com/tory-burch-P384967?skuId=1574755&icid2=products%20grid:p384967
Tory Burch,Signature,Rollerball,0.2,Sephora,5,181,Absolutely obsessed with this sent. Stays on all day and always receive compliments on it.,N/A,7/12/2017,Signature,http://www.sephora.com/tory-burch-rollerball-P384971?skuId=1585561&icid2=products%20grid:p384971
Tory Burch,Signature,Rollerball,0.2,Sephora,4,180,prior to 06/19/2017,N/A,7/9/2017,Signature,http://www.sephora.com/tory-burch-rollerball-P384971?skuId=1585561&icid2=products%20grid:p384971
Tory Burch,Signature,Mini Duo,0.48,Sephora,4.5,73,prior to 06/19/2017,N/A,7/9/2017,Signature,http://www.sephora.com/tory-burch-mini-duo-P400568?skuId=1744960&icid2=products%20grid:p400568
Tory Burch,Jolie Fleur Lavande,EDP Spray,3.4,Nordstrom,-,0,-,N/A,7/9/2017,Jolie Fleur Lavande,http://shop.nordstrom.com/s/tory-burch-jolie-fleur-lavande-eau-de-parfum-spray/4595839?origin=category-personalizedsort
Tory Burch,Jolie Fleur Lavande,Rollerball,0.2,Nordstrom,4,3,prior to 6/19/2017,N/A,7/9/2017,Jolie Fleur Lavande,http://shop.nordstrom.com/s/tory-burch-jolie-fleur-lavande-eau-de-parfum-rollerball/4595838?origin=category-personalizedsort
Tory Burch,Signature,EDP Spray,1,Nordstrom,5,153,prior to 6/19/2017,N/A,7/9/2017,Signature,http://shop.nordstrom.com/s/tory-burch-eau-de-parfum-spray/3678339?origin=category-personalizedsort
Tory Burch,Signature,EDP Spray,1.7,Nordstrom,5,153,prior to 6/19/2017,N/A,7/9/2017,Signature,http://shop.nordstrom.com/s/tory-burch-eau-de-parfum-spray/3678339?origin=coordinating-3678339-0-1-PDP_1-recbot-frequently_viewed_v3_2&recs_placement=PDP_1&recs_strategy=frequently_viewed_v3_2&recs_source=recbot&recs_page_type=product
Tory Burch,Signature,EDP Spray,3.4,Nordstrom,5,153,prior to 6/19/2017,N/A,7/9/2017,Signature,http://shop.nordstrom.com/s/tory-burch-eau-de-parfum-spray/3678339?origin=coordinating-3678339-0-1-PDP_1-recbot-frequently_viewed_v3_2&recs_placement=PDP_1&recs_strategy=frequently_viewed_v3_2&recs_source=recbot&recs_page_type=product
Tory Burch,Signature,Rollerball,0.2,Nordstrom,5,157,prior to 6/19/2017,N/A,7/9/2017,Signature,http://shop.nordstrom.com/s/tory-burch-eau-de-parfum-rollerball/3678363?origin=category-personalizedsort
Tory Burch,Love Relentlessly,EDP Spray,3.4,Nordstrom,5,3,Perfection! Love this perfume! I receive compliments every time I wear it!,N/A,7/7/2017,Love Relentlessly,http://shop.nordstrom.com/s/tory-burch-love-relentlessly-eau-de-parfum-spray/4492245?origin=category-personalizedsort
Tory Burch,Love Relentlessly,Rollerball,0.28,Nordstrom,-,0,-,N/A,7/9/2017,Love Relentlessly,http://shop.nordstrom.com/s/tory-burch-love-relentlessly-eau-de-parfum-rollerball/4492258?origin=category-personalizedsort
Tory Burch,Jolie Fleur Verte,EDP Spray,1.7,Nordstrom,5,1,prior to 06/19/2017,N/A,7/9/2017,Jolie Fleur Verte,http://shop.nordstrom.com/s/tory-burch-jolie-fleur-verte-eau-de-parfum-spray/4216175?origin=category-personalizedsort
Tory Burch,Jolie Fleur Verte,EDP Spray,3.4,Nordstrom,5,1,prior to 06/19/2017,N/A,7/9/2017,Jolie Fleur Verte,http://shop.nordstrom.com/s/tory-burch-jolie-fleur-verte-eau-de-parfum-spray/4216175?origin=category-personalizedsort
Tory Burch,Jolie Fleur Rose,EDP Spray,1.7,Nordstrom,3,4,prior to 06/19/2017,N/A,7/9/2017,Jolie Fleur Rose,http://shop.nordstrom.com/s/tory-burch-jolie-fleur-rose-eau-de-parfum-spray/4216179?origin=category-personalizedsort
Tory Burch,Jolie Fleur Rose,EDP Spray,3.4,Nordstrom,3,4,prior to 06/19/2017,N/A,7/9/2017,Jolie Fleur Rose,http://shop.nordstrom.com/s/tory-burch-jolie-fleur-rose-eau-de-parfum-spray/4216179?origin=category-personalizedsort
Tory Burch,Jolie Fleur Bleue,EDP Spray,1.7,Nordstrom,3,1,prior to 06/19/2017,N/A,7/9/2017,Jolie Fleur Bleue,http://shop.nordstrom.com/s/tory-burch-jolie-fleur-bleue-eau-de-parfum-spray/4216171?origin=category-personalizedsort
Tory Burch,Jolie Fleur Bleue,EDP Spray,3.4,Nordstrom,3,1,prior to 06/19/2017,N/A,7/9/2017,Jolie Fleur Bleue,http://shop.nordstrom.com/s/tory-burch-jolie-fleur-bleue-eau-de-parfum-spray/4216171?origin=category-personalizedsort
